﻿<LinkSources version="1.02">
  <page ID="4F49D754-E222-4F1E-A1B2-879183DE228F">
    <linkSource sourcePageID="52FD9E01-03BB-4A58-AB9B-936E370EAA41" comID="1E954AF1-6CBC-42F3-8393-82A35CF52ECB" comLinkType="cltPageLink"/>
  </page>
  <page ID="85050708-944A-4589-87A4-3C81DF902E75">
    <linkSource sourcePageID="1053074A-AD43-4AEC-8B19-80FB3888B88D" comID="05582A79-88ED-4816-A204-35645AF1220F" comLinkType="cltPageLink"/>
    <linkSource sourcePageID="1053074A-AD43-4AEC-8B19-80FB3888B88D" comID="6253CE5A-1D7A-4851-8150-A1B11CE8B7FB" comLinkType="cltPageLink"/>
    <linkSource sourcePageID="4F49D754-E222-4F1E-A1B2-879183DE228F" comID="1C5919D9-3955-4071-ADB4-266E8F0F3066" comLinkType="cltPageLink"/>
    <linkSource sourcePageID="4F49D754-E222-4F1E-A1B2-879183DE228F" comID="149BE6CF-86E3-4EE0-AB7D-9188CA62C3BD" comLinkType="cltPageLink"/>
    <linkSource sourcePageID="4F49D754-E222-4F1E-A1B2-879183DE228F" comID="7686EAAC-0645-42DE-AA2A-7EC78C63C0AB" comLinkType="cltPageLink"/>
  </page>
  <page ID="50E4020F-474E-4BC6-A7DC-A58B5F4FCBD2">
    <linkSource sourcePageID="1053074A-AD43-4AEC-8B19-80FB3888B88D" comID="05582A79-88ED-4816-A204-35645AF1220F" comLinkType="cltPageLink"/>
    <linkSource sourcePageID="1053074A-AD43-4AEC-8B19-80FB3888B88D" comID="1B2C7A92-888B-40A2-8DF6-4DD9516E57A3" comLinkType="cltPageLink"/>
    <linkSource sourcePageID="4F49D754-E222-4F1E-A1B2-879183DE228F" comID="93D0A3DF-1E2A-4450-AA4E-1104E587F5CE" comLinkType="cltPageLink"/>
    <linkSource sourcePageID="4F49D754-E222-4F1E-A1B2-879183DE228F" comID="BD4C15B4-5036-405D-B780-7C33BD18EA2E" comLinkType="cltPageLink"/>
    <linkSource sourcePageID="4F49D754-E222-4F1E-A1B2-879183DE228F" comID="9A0A8FE4-0844-436C-AD3A-F0CA57C5F28F" comLinkType="cltPageLink"/>
  </page>
  <page ID="5D206FE0-B8BE-400A-A6AB-9116853469CB">
    <linkSource sourcePageID="1053074A-AD43-4AEC-8B19-80FB3888B88D" comID="05582A79-88ED-4816-A204-35645AF1220F" comLinkType="cltPageLink"/>
    <linkSource sourcePageID="1053074A-AD43-4AEC-8B19-80FB3888B88D" comID="1835684A-6DF6-49ED-85AF-85D5EB36948F" comLinkType="cltPageLink"/>
    <linkSource sourcePageID="4F49D754-E222-4F1E-A1B2-879183DE228F" comID="697FBEF7-D164-4434-AED8-ED8C58C52E1D" comLinkType="cltPageLink"/>
    <linkSource sourcePageID="4F49D754-E222-4F1E-A1B2-879183DE228F" comID="30C82284-D99C-44B0-BA1A-EB4974C61C58" comLinkType="cltPageLink"/>
    <linkSource sourcePageID="4F49D754-E222-4F1E-A1B2-879183DE228F" comID="12132D7F-D0C6-4E48-8DBA-CAEF13572B98" comLinkType="cltPageLink"/>
  </page>
  <page ID="16496297-5F20-4AAF-92C0-B22226FD9A29">
    <linkSource sourcePageID="1053074A-AD43-4AEC-8B19-80FB3888B88D" comID="05582A79-88ED-4816-A204-35645AF1220F" comLinkType="cltPageLink"/>
    <linkSource sourcePageID="4F49D754-E222-4F1E-A1B2-879183DE228F" comID="49A91AC3-EAE4-4B59-B249-ED2192E18691" comLinkType="cltPageLink"/>
    <linkSource sourcePageID="4F49D754-E222-4F1E-A1B2-879183DE228F" comID="736B8EA6-44DB-4204-AAA0-D580456C4527" comLinkType="cltPageLink"/>
    <linkSource sourcePageID="1053074A-AD43-4AEC-8B19-80FB3888B88D" comID="30E6A445-94E0-4EE7-83AB-7AA6988053E2" comLinkType="cltPageLink"/>
  </page>
  <page ID="E499E3FA-DE1B-4950-8F03-29703759E657">
    <linkSource sourcePageID="7F09B7D8-3FEC-4B01-B1CB-D0310F340EEC" comID="BA2894F5-0D1B-491F-8DBC-42B1E53A37EE" comLinkType="cltPageLink"/>
    <linkSource sourcePageID="E743F837-3F8F-4C12-9E34-937E83EA109A" comID="BA2894F5-0D1B-491F-8DBC-42B1E53A37EE" comLinkType="cltPageLink"/>
    <linkSource sourcePageID="3829284F-4AE5-4F68-A2CF-C25FEC48553E" comID="A03F6E14-D54B-4445-A225-1945F7DEDF30" comLinkType="cltPageLink"/>
    <linkSource sourcePageID="E81B649F-C136-44CF-BA2E-58FCB07EFBA5" comID="A03F6E14-D54B-4445-A225-1945F7DEDF30" comLinkType="cltPageLink"/>
    <linkSource sourcePageID="02D9D2B2-2263-41AE-8A07-865B34595784" comID="BA2894F5-0D1B-491F-8DBC-42B1E53A37EE" comLinkType="cltPageLink"/>
    <linkSource sourcePageID="3D460FBB-1DE4-4D8E-966D-06F85DE506EB" comID="BA2894F5-0D1B-491F-8DBC-42B1E53A37EE" comLinkType="cltPageLink"/>
    <linkSource sourcePageID="01DB419B-D256-4BE4-B502-B05C37C7C759" comID="8A3ED2ED-2835-4A85-AAA9-3023EB16A7D2" comLinkType="cltPageLink"/>
    <linkSource sourcePageID="D9EBF942-08FE-4612-9194-C5241120C993" comID="8A3ED2ED-2835-4A85-AAA9-3023EB16A7D2" comLinkType="cltPageLink"/>
    <linkSource sourcePageID="B48598CB-B4FC-4B6F-8299-E42E80FB4864" comID="8A3ED2ED-2835-4A85-AAA9-3023EB16A7D2" comLinkType="cltPageLink"/>
  </page>
</LinkSources>