﻿<mockup version="5.1" platform="MtWeb" defaultW="1920" defaultH="1080" from="FmLocal" minAllowVersion="5.1" ID="01DB419B-D256-4BE4-B502-B05C37C7C759" measureW="1920" measureH="1080" mobileScreenScale="0">
  <controls controlCount="71">
    <control controlID="5EF79194-FF51-48B4-BC21-920B29F03C81" controlTypeID="Shape" x="0" y="0" w="1600" h="1080" zOrder="0">
      <caption>Shape</caption>
      <color>4284900966</color>
      <borderVisible>False</borderVisible>
      <font family="Arial" displayName="Arial" postScript="" weightStyle="Regular" weight="400" isBold="False" isItalic="False"/>
      <textSize>14</textSize>
      <selectedIndex>-1</selectedIndex>
    </control>
    <control controlID="2F969367-0FA6-46A5-9172-DACAF01AA2DA" controlTypeID="Line" x="15" y="9" w="1577" h="1063" zOrder="1">
      <caption>Line</caption>
      <color>4288256409</color>
      <font family="Arial" displayName="Arial" postScript="" weightStyle="Regular" weight="400" isBold="False" isItalic="False"/>
      <textSize>14</textSize>
      <lineSpacing>0</lineSpacing>
      <selectedIndex>-1</selectedIndex>
      <controlPoint>(789,532)</controlPoint>
      <startPoint>(1,1)</startPoint>
      <endPoint>(1577,1063)</endPoint>
    </control>
    <control controlID="0704F400-59A8-44A4-BCB9-4AFDE3D1BBEC" controlTypeID="Line" x="8" y="12" w="1582" h="1065" zOrder="2">
      <caption>Line</caption>
      <color>4288256409</color>
      <font family="Arial" displayName="Arial" postScript="" weightStyle="Regular" weight="400" isBold="False" isItalic="False"/>
      <textSize>14</textSize>
      <lineSpacing>0</lineSpacing>
      <selectedIndex>-1</selectedIndex>
      <controlPoint>(791,532)</controlPoint>
      <startPoint>(1582,0)</startPoint>
      <endPoint>(0,1065)</endPoint>
    </control>
    <control controlID="4FF6BC28-1FA9-49F0-BD94-0EB26715B9B7" controlTypeID="Image" x="100" y="32" w="42" h="42" zOrder="3">
      <caption>Image</caption>
      <URL>3333DA8E5F542C12BB919E4D883E59ED.png</URL>
      <showText>False</showText>
    </control>
    <control controlID="2576B17B-20F0-456D-AA61-DE6F69E95DE3" controlTypeID="Icon" x="170" y="41" w="24" h="24" zOrder="4">
      <caption>Icon</caption>
      <color>4294967295</color>
      <interactiveData>
        <entry title="">
          <area shape="0" alt="" ID="{76C07941-7BEE-4F69-8EBC-AF54E60735F7}" coords="(0,0,24,24)"/>
          <events title="">
            <event eventType="atClick" isChecked="True">
              <behaviour title="" isChecked="True" isWait="False" isLoop="False" execMode="emParallel">
                <target targetID="45AF7D5C-073F-4F7F-9A16-31D2EED362CE" isChecked="True" isAutoRecovery="False" isLoop="False" execMode="emSequence">
                  <command name="Change Visibility" isChecked="True" descrition="">
                    <param name="AniInterpolation" value="1" varType="3" description=""/>
                    <param name="AniDuration" value="200" varType="3" description=""/>
                    <param name="AniAutoReverse" value="False" varType="11" description=""/>
                    <param name="AniLoop" value="False" varType="11" description=""/>
                    <param name="AniInterpolationTypeOut" value="False" varType="11" description=""/>
                    <param name="Delay" value="0" varType="3" description=""/>
                    <param name="ValueFromCurrent" value="True" varType="11" description=""/>
                    <param name="ForceFromInitValue" value="False" varType="11" description=""/>
                    <param name="ForceSetVisible" value="False" varType="11" description=""/>
                    <param name="Value" value="0" varType="3" description=""/>
                    <param name="TerminateLoopByClick" value="True" varType="11" description=""/>
                  </command>
                  <command name="Move" isChecked="True" descrition="">
                    <param name="AniInterpolation" value="1" varType="3" description=""/>
                    <param name="AniDuration" value="200" varType="3" description=""/>
                    <param name="AniAutoReverse" value="False" varType="11" description=""/>
                    <param name="AniLoop" value="False" varType="11" description=""/>
                    <param name="AniInterpolationTypeOut" value="False" varType="11" description=""/>
                    <param name="Delay" value="0" varType="3" description=""/>
                    <param name="MoveMode" value="1" varType="3" description=""/>
                    <param name="ValueFromCurrent" value="True" varType="11" description=""/>
                    <param name="FromX" value="0" varType="3" description=""/>
                    <param name="FromY" value="0" varType="3" description=""/>
                    <param name="ToX" value="0" varType="3" description=""/>
                    <param name="ToY" value="0" varType="3" description=""/>
                    <param name="ByX" value="200" varType="3" description=""/>
                    <param name="ByY" value="0" varType="3" description=""/>
                    <param name="TerminateLoopByClick" value="True" varType="11" description=""/>
                    <param name="MovePlaceVert" value="3" varType="3" description=""/>
                    <param name="MovePlaceHori" value="1" varType="3" description=""/>
                  </command>
                </target>
              </behaviour>
            </event>
          </events>
        </entry>
      </interactiveData>
      <icon>
        <ID/>
        <iconFontName>jdIonicons</iconFontName>
        <iconCode>61965</iconCode>
      </icon>
      <URL>D9CE39CAA2C488188BF922BD18FCD68B.svg</URL>
    </control>
    <control controlID="034C19AE-78EB-41FA-A022-1D435E33DB22" controlTypeID="Label" x="1304" y="56" w="48" h="17" zOrder="5">
      <states>
        <state propName="TextColor" stateType="state_mouseOver" isChecked="True" value="4288256409" varType="20"/>
      </states>
      <caption>Label</caption>
      <interactiveData>
        <entry title="">
          <area shape="0" alt="" ID="{AA437017-DC80-47A7-98A3-F2E3C2D26A74}" coords="(0,0,48,17)"/>
          <events title="">
            <event eventType="atClick" isChecked="True">
              <behaviour title="" isChecked="True" isWait="False" isLoop="False" execMode="emParallel">
                <target targetID="C2BFB6DF-37A0-43E2-A5A0-8AC4C8F6A1AA" isChecked="True" isAutoRecovery="False" isLoop="False" execMode="emSequence">
                  <command name="Popup State Change" isChecked="True" descrition="">
                    <param name="AniInterpolation" value="0" varType="3" description=""/>
                    <param name="AniDuration" value="200" varType="3" description=""/>
                    <param name="AniAutoReverse" value="False" varType="11" description=""/>
                    <param name="AniLoop" value="False" varType="11" description=""/>
                    <param name="AniInterpolationTypeOut" value="False" varType="11" description=""/>
                    <param name="Delay" value="0" varType="3" description=""/>
                    <param name="Value" value="2" varType="3" description=""/>
                    <param name="AniType" value="0" varType="3" description=""/>
                  </command>
                </target>
              </behaviour>
            </event>
          </events>
        </entry>
      </interactiveData>
      <font family="Arial" displayName="Arial" postScript="" weightStyle="Regular" weight="400" isBold="False" isItalic="False"/>
      <text>LOGIN</text>
      <textColor>4294967295</textColor>
      <textVAlign>VaTop</textVAlign>
      <lineSpacing>0</lineSpacing>
      <selectedIndex>-1</selectedIndex>
    </control>
    <control controlID="8E43317C-95D1-45AF-BD28-EB476515970F" controlTypeID="Button" x="1364" y="34" w="186" h="59" zOrder="6">
      <states>
        <state propName="Color" stateType="state_mouseOver" isChecked="True" value="4288256409" varType="20"/>
        <state propName="TextColor" stateType="state_mouseOver" isChecked="True" value="4294967295" varType="20"/>
      </states>
      <caption>Button</caption>
      <color>10066329</color>
      <borderColor>4288256409</borderColor>
      <interactiveData>
        <entry title="">
          <area shape="0" alt="" ID="{A317681F-FC4A-4302-8821-D9DB9E59E7FB}" coords="(0,0,186,59)"/>
          <events title="">
            <event eventType="atClick" isChecked="True">
              <behaviour title="" isChecked="True" isWait="False" isLoop="False" execMode="emParallel">
                <target targetID="E5B84939-4CAB-4EDC-B783-4975AFB07B59" isChecked="True" isAutoRecovery="False" isLoop="False" execMode="emSequence">
                  <command name="Popup State Change" isChecked="True" descrition="">
                    <param name="AniInterpolation" value="0" varType="3" description=""/>
                    <param name="AniDuration" value="200" varType="3" description=""/>
                    <param name="AniAutoReverse" value="False" varType="11" description=""/>
                    <param name="AniLoop" value="False" varType="11" description=""/>
                    <param name="AniInterpolationTypeOut" value="False" varType="11" description=""/>
                    <param name="Delay" value="0" varType="3" description=""/>
                    <param name="Value" value="2" varType="3" description=""/>
                    <param name="AniType" value="0" varType="3" description=""/>
                  </command>
                </target>
              </behaviour>
            </event>
          </events>
        </entry>
      </interactiveData>
      <font family="Arial" displayName="Arial+Bold" postScript="" weightStyle="Bold" weight="700" isBold="True" isItalic="False"/>
      <text>SIGN+UP+FOR+FREE</text>
      <textColor>4288256409</textColor>
      <lineSpacing>0</lineSpacing>
      <textStyles>[fsBold]</textStyles>
      <selectedIndex>-1</selectedIndex>
      <radius>100</radius>
      <radiusIsPercent>True</radiusIsPercent>
      <thickness>3</thickness>
    </control>
    <control controlID="45AF7D5C-073F-4F7F-9A16-31D2EED362CE" controlTypeID="Panel" x="-10" y="0" w="212" h="1100" zOrder="7">
      <isShow>False</isShow>
      <caption>Panel</caption>
      <borderVisible>False</borderVisible>
      <groupChildrenDescriptors>
        <control controlID="7F13EF86-734A-458C-90D5-8C4FAF1E86AC" controlTypeID="Image" x="64" y="20" w="85" h="85" zOrder="0">
          <caption>Image</caption>
          <URL>47CB31C0EF769FA48F2B81C2C8C79C8E.png</URL>
          <showText>False</showText>
        </control>
        <control controlID="E2FE1696-16C2-49DD-94EE-3766F65D4B55" controlTypeID="Icon" x="168" y="50" w="24" h="24" zOrder="1">
          <caption>Icon</caption>
          <color>4288256409</color>
          <interactiveData>
            <entry title="">
              <area shape="0" alt="" ID="{5810FB32-C187-45D1-A369-54D8224A0D59}" coords="(0,0,60,60)"/>
              <events title="">
                <event eventType="atClick" isChecked="True">
                  <behaviour title="" isChecked="True" isWait="False" isLoop="False" execMode="emParallel">
                    <target targetID="45AF7D5C-073F-4F7F-9A16-31D2EED362CE" isChecked="True" isAutoRecovery="False" isLoop="False" execMode="emParallel">
                      <command name="Change Visibility" isChecked="True" descrition="">
                        <param name="AniInterpolation" value="1" varType="3" description=""/>
                        <param name="AniDuration" value="200" varType="3" description=""/>
                        <param name="AniAutoReverse" value="False" varType="11" description=""/>
                        <param name="AniLoop" value="False" varType="11" description=""/>
                        <param name="AniInterpolationTypeOut" value="False" varType="11" description=""/>
                        <param name="Delay" value="0" varType="3" description=""/>
                        <param name="ValueFromCurrent" value="True" varType="11" description=""/>
                        <param name="ForceFromInitValue" value="False" varType="11" description=""/>
                        <param name="ForceSetVisible" value="False" varType="11" description=""/>
                        <param name="Value" value="1" varType="3" description=""/>
                        <param name="TerminateLoopByClick" value="True" varType="11" description=""/>
                      </command>
                      <command name="Move" isChecked="True" descrition="">
                        <param name="AniInterpolation" value="1" varType="3" description=""/>
                        <param name="AniDuration" value="200" varType="3" description=""/>
                        <param name="AniAutoReverse" value="False" varType="11" description=""/>
                        <param name="AniLoop" value="False" varType="11" description=""/>
                        <param name="AniInterpolationTypeOut" value="False" varType="11" description=""/>
                        <param name="Delay" value="0" varType="3" description=""/>
                        <param name="MoveMode" value="0" varType="3" description=""/>
                        <param name="ValueFromCurrent" value="True" varType="11" description=""/>
                        <param name="FromX" value="0" varType="3" description=""/>
                        <param name="FromY" value="0" varType="3" description=""/>
                        <param name="ToX" value="0" varType="3" description=""/>
                        <param name="ToY" value="0" varType="3" description=""/>
                        <param name="ByX" value="-200" varType="256" description=""/>
                        <param name="ByY" value="0" varType="3" description=""/>
                        <param name="TerminateLoopByClick" value="True" varType="11" description=""/>
                        <param name="MovePlaceVert" value="3" varType="3" description=""/>
                        <param name="MovePlaceHori" value="1" varType="3" description=""/>
                      </command>
                    </target>
                  </behaviour>
                </event>
              </events>
            </entry>
          </interactiveData>
          <icon>
            <ID/>
            <iconFontName>jdIonicons</iconFontName>
            <iconCode>62470</iconCode>
          </icon>
          <URL>AD5D5C6B9A9D967AD8052E59BDDD96E1.svg</URL>
        </control>
        <control controlID="7737B039-1C33-4E18-B118-ED04F95A92D5" controlTypeID="Line" x="1" y="406" w="210" h="1" zOrder="2">
          <caption>Line</caption>
          <color>4291611852</color>
          <font family="Arial" displayName="Arial" postScript="" weightStyle="Regular" weight="400" isBold="False" isItalic="False"/>
          <textSize>14</textSize>
          <lineSpacing>0</lineSpacing>
          <selectedIndex>-1</selectedIndex>
          <controlPoint>(105,0)</controlPoint>
          <startPoint>(0,0)</startPoint>
          <endPoint>(210,0)</endPoint>
        </control>
        <control controlID="3D8B8217-8038-4815-9B6B-5DCD9D1F6FC7" controlTypeID="Line" x="1" y="518" w="210" h="1" zOrder="3">
          <caption>Line</caption>
          <color>4291611852</color>
          <font family="Arial" displayName="Arial" postScript="" weightStyle="Regular" weight="400" isBold="False" isItalic="False"/>
          <textSize>14</textSize>
          <lineSpacing>0</lineSpacing>
          <selectedIndex>-1</selectedIndex>
          <controlPoint>(105,0)</controlPoint>
          <startPoint>(0,0)</startPoint>
          <endPoint>(210,0)</endPoint>
        </control>
        <control controlID="252027C9-F594-4FA4-B095-02B0D9B113F7" controlTypeID="Line" x="1" y="632" w="210" h="1" zOrder="4">
          <caption>Line</caption>
          <color>4291611852</color>
          <font family="Arial" displayName="Arial" postScript="" weightStyle="Regular" weight="400" isBold="False" isItalic="False"/>
          <textSize>14</textSize>
          <lineSpacing>0</lineSpacing>
          <selectedIndex>-1</selectedIndex>
          <controlPoint>(105,0)</controlPoint>
          <startPoint>(0,0)</startPoint>
          <endPoint>(210,0)</endPoint>
        </control>
        <control controlID="A0C033EC-4AD5-430C-BB4A-B329F34496C0" controlTypeID="Line" x="1" y="693" w="210" h="1" zOrder="5">
          <caption>Line</caption>
          <color>4291611852</color>
          <font family="Arial" displayName="Arial" postScript="" weightStyle="Regular" weight="400" isBold="False" isItalic="False"/>
          <textSize>14</textSize>
          <lineSpacing>0</lineSpacing>
          <selectedIndex>-1</selectedIndex>
          <controlPoint>(105,0)</controlPoint>
          <startPoint>(0,0)</startPoint>
          <endPoint>(210,0)</endPoint>
        </control>
        <control controlID="8A3ED2ED-2835-4A85-AAA9-3023EB16A7D2" controlTypeID="Label" x="0" y="155" w="212" h="39" zOrder="6">
          <states>
            <state propName="Color" stateType="state_mouseOver" isChecked="True" value="4294111986" varType="20"/>
            <state propName="TextColor" stateType="state_mouseOver" isChecked="True" value="4278190080" varType="20"/>
          </states>
          <caption>Label</caption>
          <isAutoSize>False</isAutoSize>
          <links eventType="AtClick" animate="AmNone" animateAutoDelay="0" animateDuration="500">
            <link targetPageID="E499E3FA-DE1B-4950-8F03-29703759E657" linkType="ltPageLink" isApplyIncludePage="False" title="Home">
              <area shape="0" alt="" ID="{24412493-F7CA-4C14-85AB-CD46757E8F1A}" coords="(0,0,212,39)"/>
            </link>
          </links>
          <font family="Arial" displayName="Arial" postScript="" weightStyle="Regular" weight="400" isBold="False" isItalic="False"/>
          <text>++++++Home</text>
          <textColor>4284900966</textColor>
          <textVAlign>VaTop</textVAlign>
          <lineSpacing>0</lineSpacing>
          <selectedIndex>-1</selectedIndex>
        </control>
        <control controlID="AC548F6C-4813-4878-8FEC-BFE592866FE9" controlTypeID="Label" x="0" y="194" w="212" h="39" zOrder="7">
          <states>
            <state propName="Color" stateType="state_mouseOver" isChecked="True" value="4294111986" varType="20"/>
            <state propName="TextColor" stateType="state_mouseOver" isChecked="True" value="4278190080" varType="20"/>
          </states>
          <caption>Label</caption>
          <isAutoSize>False</isAutoSize>
          <font family="Arial" displayName="Arial" postScript="" weightStyle="Regular" weight="400" isBold="False" isItalic="False"/>
          <text>++++++Discover</text>
          <textColor>4284900966</textColor>
          <textVAlign>VaTop</textVAlign>
          <lineSpacing>0</lineSpacing>
          <selectedIndex>-1</selectedIndex>
        </control>
        <control controlID="7F545BE4-0EF6-42B0-8CB3-59ECD84B3F9F" controlTypeID="Label" x="0" y="232" w="212" h="39" zOrder="8">
          <states>
            <state propName="Color" stateType="state_mouseOver" isChecked="True" value="4294111986" varType="20"/>
            <state propName="TextColor" stateType="state_mouseOver" isChecked="True" value="4278190080" varType="20"/>
          </states>
          <caption>Label</caption>
          <isAutoSize>False</isAutoSize>
          <font family="Arial" displayName="Arial" postScript="" weightStyle="Regular" weight="400" isBold="False" isItalic="False"/>
          <text>++++++Playlists</text>
          <textColor>4284900966</textColor>
          <textVAlign>VaTop</textVAlign>
          <lineSpacing>0</lineSpacing>
          <selectedIndex>-1</selectedIndex>
        </control>
        <control controlID="C3281D87-0B68-41C2-A6D9-2E93E47D4557" controlTypeID="Label" x="0" y="271" w="212" h="39" zOrder="9">
          <states>
            <state propName="Color" stateType="state_mouseOver" isChecked="True" value="4294111986" varType="20"/>
            <state propName="TextColor" stateType="state_mouseOver" isChecked="True" value="4278190080" varType="20"/>
          </states>
          <caption>Label</caption>
          <isAutoSize>False</isAutoSize>
          <links eventType="AtClick" animate="AmNone" animateAutoDelay="0" animateDuration="500">
            <link targetPageID="3D460FBB-1DE4-4D8E-966D-06F85DE506EB" linkType="ltPageLink" isApplyIncludePage="False" title="How+It+Works">
              <area shape="0" alt="" ID="{24412493-F7CA-4C14-85AB-CD46757E8F1A}" coords="(0,0,212,39)"/>
            </link>
          </links>
          <font family="Arial" displayName="Arial" postScript="" weightStyle="Regular" weight="400" isBold="False" isItalic="False"/>
          <text>++++++How+It+Works</text>
          <textColor>4284900966</textColor>
          <textVAlign>VaTop</textVAlign>
          <lineSpacing>0</lineSpacing>
          <selectedIndex>-1</selectedIndex>
        </control>
        <control controlID="BCD13E43-88A8-451D-91C9-7D7BA8548BAE" controlTypeID="Label" x="0" y="310" w="212" h="39" zOrder="10">
          <states>
            <state propName="Color" stateType="state_mouseOver" isChecked="True" value="4294111986" varType="20"/>
            <state propName="TextColor" stateType="state_mouseOver" isChecked="True" value="4278190080" varType="20"/>
          </states>
          <caption>Label</caption>
          <isAutoSize>False</isAutoSize>
          <font family="Arial" displayName="Arial" postScript="" weightStyle="Regular" weight="400" isBold="False" isItalic="False"/>
          <text>++++++FAQ</text>
          <textVAlign>VaTop</textVAlign>
          <lineSpacing>0</lineSpacing>
          <selectedIndex>-1</selectedIndex>
        </control>
        <control controlID="C5F87FA0-993C-43A0-960E-41CB0990A9FD" controlTypeID="Label" x="0" y="349" w="212" h="39" zOrder="11">
          <states>
            <state propName="Color" stateType="state_mouseOver" isChecked="True" value="4294111986" varType="20"/>
            <state propName="TextColor" stateType="state_mouseOver" isChecked="True" value="4278190080" varType="20"/>
          </states>
          <caption>Label</caption>
          <isAutoSize>False</isAutoSize>
          <font family="Arial" displayName="Arial" postScript="" weightStyle="Regular" weight="400" isBold="False" isItalic="False"/>
          <text>++++++Contact+Us</text>
          <textColor>4284900966</textColor>
          <textVAlign>VaTop</textVAlign>
          <lineSpacing>0</lineSpacing>
          <selectedIndex>-1</selectedIndex>
        </control>
        <control controlID="212B188F-4B51-45F7-9C5B-9CC6ECB64D2B" controlTypeID="Label" x="0" y="424" w="212" h="39" zOrder="12">
          <states>
            <state propName="Color" stateType="state_mouseOver" isChecked="True" value="4294111986" varType="20"/>
            <state propName="TextColor" stateType="state_mouseOver" isChecked="True" value="4284900966" varType="20"/>
          </states>
          <caption>Label</caption>
          <isAutoSize>False</isAutoSize>
          <interactiveData>
            <entry title="">
              <area shape="0" alt="" ID="{3A517FF3-6752-4CC8-B711-F8B9948A2EE9}" coords="(0,0,60,60)"/>
              <events title="">
                <event eventType="atClick" isChecked="True">
                  <behaviour title="" isChecked="True" isWait="False" isLoop="False" execMode="emParallel">
                    <target targetID="E5B84939-4CAB-4EDC-B783-4975AFB07B59" isChecked="True" isAutoRecovery="False" isLoop="False" execMode="emSequence">
                      <command name="Popup State Change" isChecked="True" descrition="">
                        <param name="AniInterpolation" value="0" varType="3" description=""/>
                        <param name="AniDuration" value="200" varType="3" description=""/>
                        <param name="AniAutoReverse" value="False" varType="11" description=""/>
                        <param name="AniLoop" value="False" varType="11" description=""/>
                        <param name="AniInterpolationTypeOut" value="False" varType="11" description=""/>
                        <param name="Delay" value="0" varType="3" description=""/>
                        <param name="Value" value="2" varType="3" description=""/>
                        <param name="AniType" value="0" varType="3" description=""/>
                      </command>
                    </target>
                  </behaviour>
                </event>
              </events>
            </entry>
          </interactiveData>
          <font family="Arial" displayName="Arial" postScript="" weightStyle="Regular" weight="400" isBold="False" isItalic="False"/>
          <text>++++++Sign+Up</text>
          <textColor>4288256409</textColor>
          <textVAlign>VaTop</textVAlign>
          <lineSpacing>0</lineSpacing>
          <selectedIndex>-1</selectedIndex>
        </control>
        <control controlID="28B999A7-1B91-4B1C-BFA7-8F2C12594CA4" controlTypeID="Label" x="0" y="536" w="212" h="39" zOrder="13">
          <states>
            <state propName="Color" stateType="state_mouseOver" isChecked="True" value="4294111986" varType="20"/>
            <state propName="TextColor" stateType="state_mouseOver" isChecked="True" value="4284900966" varType="20"/>
          </states>
          <caption>Label</caption>
          <isAutoSize>False</isAutoSize>
          <links eventType="AtClick" animate="AmNone" animateAutoDelay="0" animateDuration="500">
            <link targetPageID="D9EBF942-08FE-4612-9194-C5241120C993" linkType="ltPageLink" isApplyIncludePage="False" title="Terms+Of+Service">
              <area shape="0" alt="" ID="{24412493-F7CA-4C14-85AB-CD46757E8F1A}" coords="(0,0,212,39)"/>
            </link>
          </links>
          <font family="Arial" displayName="Arial" postScript="" weightStyle="Regular" weight="400" isBold="False" isItalic="False"/>
          <text>++++++Terms+of+Service</text>
          <textColor>4288256409</textColor>
          <textVAlign>VaTop</textVAlign>
          <lineSpacing>0</lineSpacing>
          <selectedIndex>-1</selectedIndex>
        </control>
        <control controlID="07FD557C-AEB2-4DCC-A10F-050EC9146EB3" controlTypeID="Label" x="0" y="462" w="212" h="39" zOrder="14">
          <states>
            <state propName="Color" stateType="state_mouseOver" isChecked="True" value="4294111986" varType="20"/>
            <state propName="TextColor" stateType="state_mouseOver" isChecked="True" value="4284900966" varType="20"/>
          </states>
          <caption>Label</caption>
          <isAutoSize>False</isAutoSize>
          <font family="Arial" displayName="Arial" postScript="" weightStyle="Regular" weight="400" isBold="False" isItalic="False"/>
          <text>++++++Are+You+a+Music+Artist%3F</text>
          <textColor>4288256409</textColor>
          <textVAlign>VaTop</textVAlign>
          <lineSpacing>0</lineSpacing>
          <selectedIndex>-1</selectedIndex>
        </control>
        <control controlID="03475756-9637-4A47-A357-F7FD163932DA" controlTypeID="Label" x="0" y="574" w="212" h="39" zOrder="15">
          <states>
            <state propName="Color" stateType="state_mouseOver" isChecked="True" value="4294111986" varType="20"/>
            <state propName="TextColor" stateType="state_mouseOver" isChecked="True" value="4284900966" varType="20"/>
          </states>
          <caption>Label</caption>
          <isAutoSize>False</isAutoSize>
          <links eventType="AtClick" animate="AmNone" animateAutoDelay="0" animateDuration="500">
            <link targetPageID="B48598CB-B4FC-4B6F-8299-E42E80FB4864" linkType="ltPageLink" isApplyIncludePage="False" title="Privacy+Policy">
              <area shape="0" alt="" ID="{24412493-F7CA-4C14-85AB-CD46757E8F1A}" coords="(0,0,212,39)"/>
            </link>
          </links>
          <font family="Arial" displayName="Arial" postScript="" weightStyle="Regular" weight="400" isBold="False" isItalic="False"/>
          <text>++++++Privacy+Policy</text>
          <textColor>4288256409</textColor>
          <textVAlign>VaTop</textVAlign>
          <lineSpacing>0</lineSpacing>
          <selectedIndex>-1</selectedIndex>
        </control>
        <control controlID="7A2CAF64-1DC4-4A06-B31D-13812FCD5325" controlTypeID="Line" x="1" y="136" w="210" h="1" zOrder="16">
          <caption>Line</caption>
          <color>4291611852</color>
          <font family="Arial" displayName="Arial" postScript="" weightStyle="Regular" weight="400" isBold="False" isItalic="False"/>
          <textSize>14</textSize>
          <lineSpacing>0</lineSpacing>
          <selectedIndex>-1</selectedIndex>
          <controlPoint>(105,0)</controlPoint>
          <startPoint>(0,0)</startPoint>
          <endPoint>(210,0)</endPoint>
        </control>
        <control controlID="63FF305D-F27B-4BFC-8D7A-E0F725C3AE3A" controlTypeID="Label" x="25" y="654" w="70" h="17" zOrder="17">
          <caption>Label</caption>
          <font family="Arial" displayName="Arial" postScript="" weightStyle="Regular" weight="400" isBold="False" isItalic="False"/>
          <text>Follow+Us%3A</text>
          <textVAlign>VaTop</textVAlign>
          <lineSpacing>0</lineSpacing>
          <selectedIndex>-1</selectedIndex>
        </control>
        <control controlID="EA5CA973-9E08-49CB-888F-08F7E007D04B" controlTypeID="IconButton2" x="99" y="648" w="28" h="28" zOrder="18">
          <caption>Icon+Button</caption>
          <groupChildrenDescriptors>
            <control controlID="1E1E5E77-0C4E-4E2F-8A9F-152AF5C2AD5A" controlTypeID="Shape" x="0" y="0" w="28" h="28" zOrder="0">
              <caption>Shape</caption>
              <color>4284900966</color>
              <borderVisible>False</borderVisible>
              <canMove>False</canMove>
              <alias>shape</alias>
              <font family="Arial" displayName="Arial" postScript="" weightStyle="Regular" weight="400" isBold="False" isItalic="False"/>
              <textSize>14</textSize>
              <selectedIndex>-1</selectedIndex>
              <shapeBorderType>SbEllipse</shapeBorderType>
            </control>
            <control controlID="5A8E3A74-7C07-4BBD-9F1A-CBA2194D0564" controlTypeID="Icon" x="5" y="5" w="18" h="18" zOrder="1">
              <caption>Icon</caption>
              <color>4294967295</color>
              <canMove>False</canMove>
              <alias>icon</alias>
              <icon>
                <ID/>
                <iconFontName>jdIonicons</iconFontName>
                <iconCode>62001</iconCode>
              </icon>
              <URL>29F37D064345EFF092FDE43A909201C4.svg</URL>
            </control>
            <control controlID="A591CF51-7EDF-4BF8-A6F2-D726EDA5AC39" controlTypeID="Label" x="0" y="0" w="39" h="17" zOrder="2">
              <caption>Label</caption>
              <canMove>False</canMove>
              <alias>label</alias>
              <font family="Arial" displayName="Arial" postScript="" weightStyle="Regular" weight="400" isBold="False" isItalic="False"/>
              <text>Label</text>
              <textVAlign>VaTop</textVAlign>
              <lineSpacing>0</lineSpacing>
              <selectedIndex>-1</selectedIndex>
            </control>
            <control controlID="5F35E70E-45EC-44D4-B11D-C83312E5C13C" controlTypeID="Shape" x="15" y="0" w="13" h="12" zOrder="3">
              <caption>Shape</caption>
              <color>4294901760</color>
              <borderVisible>False</borderVisible>
              <canMove>False</canMove>
              <alias>alarm</alias>
              <font family="Arial" displayName="Arial" postScript="" weightStyle="Regular" weight="400" isBold="False" isItalic="False"/>
              <text>2</text>
              <textColor>4294967295</textColor>
              <textSize>7</textSize>
              <selectedIndex>-1</selectedIndex>
              <radius>100</radius>
              <radiusIsPercent>True</radiusIsPercent>
            </control>
          </groupChildrenDescriptors>
          <iconSize>18</iconSize>
        </control>
        <control controlID="AC30B558-B1D0-4BF6-B5AF-A6BE071F4664" controlTypeID="IconButton2" x="135" y="648" w="28" h="28" zOrder="19">
          <caption>Icon+Button</caption>
          <groupChildrenDescriptors>
            <control controlID="4F1ACF1D-518F-49A7-89FE-F9A8ACB8EAFC" controlTypeID="Shape" x="0" y="0" w="28" h="28" zOrder="0">
              <caption>Shape</caption>
              <color>4288256409</color>
              <borderVisible>False</borderVisible>
              <canMove>False</canMove>
              <alias>shape</alias>
              <font family="Arial" displayName="Arial" postScript="" weightStyle="Regular" weight="400" isBold="False" isItalic="False"/>
              <textSize>14</textSize>
              <selectedIndex>-1</selectedIndex>
              <shapeBorderType>SbEllipse</shapeBorderType>
            </control>
            <control controlID="54499B5C-7B41-4213-B0C9-2E1FFEEFD206" controlTypeID="Icon" x="5" y="5" w="18" h="18" zOrder="1">
              <caption>Icon</caption>
              <color>4294967295</color>
              <canMove>False</canMove>
              <alias>icon</alias>
              <icon>
                <ID/>
                <iconFontName>jdIonicons</iconFontName>
                <iconCode>62019</iconCode>
              </icon>
              <URL>6E397F998770B38A343BB5B849DF19E9.svg</URL>
            </control>
            <control controlID="505A09EB-0775-4AF0-AAD5-B4C24CF75F05" controlTypeID="Label" x="0" y="0" w="39" h="17" zOrder="2">
              <caption>Label</caption>
              <canMove>False</canMove>
              <alias>label</alias>
              <font family="Arial" displayName="Arial" postScript="" weightStyle="Regular" weight="400" isBold="False" isItalic="False"/>
              <text>Label</text>
              <textVAlign>VaTop</textVAlign>
              <lineSpacing>0</lineSpacing>
              <selectedIndex>-1</selectedIndex>
            </control>
            <control controlID="51722ED6-4C60-4411-9FE3-FD7381C51C12" controlTypeID="Shape" x="15" y="0" w="13" h="12" zOrder="3">
              <caption>Shape</caption>
              <color>4294901760</color>
              <borderVisible>False</borderVisible>
              <canMove>False</canMove>
              <alias>alarm</alias>
              <font family="Arial" displayName="Arial" postScript="" weightStyle="Regular" weight="400" isBold="False" isItalic="False"/>
              <text>2</text>
              <textColor>4294967295</textColor>
              <textSize>7</textSize>
              <selectedIndex>-1</selectedIndex>
              <radius>100</radius>
              <radiusIsPercent>True</radiusIsPercent>
            </control>
          </groupChildrenDescriptors>
          <iconSize>18</iconSize>
        </control>
        <control controlID="35CB24C1-368C-4639-A911-8EA160D06060" controlTypeID="TextArea" x="5" y="704" w="197" h="72" zOrder="20">
          <caption>Text+Area</caption>
          <borderColor>4282664004</borderColor>
          <font family="Arial" displayName="Arial" postScript="" weightStyle="Regular" weight="400" isBold="False" isItalic="False"/>
          <text>+SoStereo%2C+2016+%2F+All+rights+reserved+%0D%0A0.1.3</text>
          <textColor>4288256409</textColor>
          <textSize>12</textSize>
          <textAlign>HaCenter</textAlign>
          <useDefaultTextSize>False</useDefaultTextSize>
          <selectedIndex>-1</selectedIndex>
        </control>
        <control controlID="1DE0E1D8-594B-48B3-A845-B670A26EBDC3" controlTypeID="Border" x="0" y="0" w="212" h="1100" zOrder="21">
          <borderVisible>False</borderVisible>
          <alias>borderLayer</alias>
        </control>
      </groupChildrenDescriptors>
      <thinkness>1</thinkness>
    </control>
    <control controlID="E5B84939-4CAB-4EDC-B783-4975AFB07B59" controlTypeID="PopupPanel" x="1233" y="27" w="46" h="46" zOrder="8">
      <caption>Sign+Up</caption>
      <groupChildrenDescriptors>
        <control controlID="9D1A860B-DCA1-4CCF-A9CA-8ADCA87BB582" controlTypeID="Panel" x="0" y="0" w="1920" h="1080" zOrder="0">
          <caption>Panel</caption>
          <locked>True</locked>
          <color>1879048192</color>
          <borderVisible>False</borderVisible>
          <canMove>False</canMove>
          <alias>background</alias>
          <groupChildrenDescriptors>
            <control controlID="159F195D-D4AF-4476-BC89-C491B9BC815F" controlTypeID="Border" x="0" y="0" w="1920" h="1080" zOrder="0">
              <borderVisible>False</borderVisible>
              <alias>borderLayer</alias>
            </control>
          </groupChildrenDescriptors>
          <thinkness>1</thinkness>
        </control>
        <control controlID="1F571418-9DD2-4335-BE6D-566E0607CF8C" controlTypeID="PopupPanelContent" x="576" y="42" w="446" h="586" zOrder="1">
          <caption>Unknown...</caption>
          <color>16777215</color>
          <alias>content</alias>
          <groupChildrenDescriptors>
            <control controlID="7A3B036F-1594-4C9A-A984-1019FC945185" controlTypeID="Shape" x="0" y="0" w="446" h="586" zOrder="0">
              <caption>Shape</caption>
              <borderColor>4294967295</borderColor>
              <borderVisible>False</borderVisible>
              <font family="Arial" displayName="Arial" postScript="" weightStyle="Regular" weight="400" isBold="False" isItalic="False"/>
              <textSize>14</textSize>
              <selectedIndex>-1</selectedIndex>
              <radius>8</radius>
            </control>
            <control controlID="7098F074-1553-42E1-B486-C3880C3CD954" controlTypeID="Label" x="27" y="23" w="106" h="28" zOrder="1">
              <caption>Label</caption>
              <font family="Arial" displayName="Arial" postScript="" weightStyle="Regular" weight="400" isBold="False" isItalic="False"/>
              <text>SIGN+UP</text>
              <textColor>4288256409</textColor>
              <textSize>24</textSize>
              <textVAlign>VaTop</textVAlign>
              <lineSpacing>0</lineSpacing>
              <useDefaultTextSize>False</useDefaultTextSize>
              <selectedIndex>-1</selectedIndex>
            </control>
            <control controlID="05520C83-5358-456B-9A4A-CB3FFEBC9A87" controlTypeID="Label" x="27" y="100" w="77" h="17" zOrder="2">
              <caption>Label</caption>
              <font family="Arial" displayName="Arial" postScript="" weightStyle="Regular" weight="400" isBold="False" isItalic="False"/>
              <text>First+Name%3A</text>
              <textColor>4281545523</textColor>
              <textVAlign>VaTop</textVAlign>
              <lineSpacing>0</lineSpacing>
              <selectedIndex>-1</selectedIndex>
            </control>
            <control controlID="7CD75D62-07BB-4B9E-A53C-CF437857AF38" controlTypeID="Label" x="27" y="51" w="256" h="17" zOrder="3">
              <caption>Label</caption>
              <font family="Arial" displayName="Arial" postScript="" weightStyle="Regular" weight="400" isBold="False" isItalic="False"/>
              <text>Completely+free.+No+credit+card+required.</text>
              <textColor>4281545523</textColor>
              <textVAlign>VaTop</textVAlign>
              <lineSpacing>0</lineSpacing>
              <selectedIndex>-1</selectedIndex>
            </control>
            <control controlID="1499153A-E191-48ED-A936-C277CB32C922" controlTypeID="Label" x="27" y="181" w="76" h="17" zOrder="4">
              <caption>Label</caption>
              <font family="Arial" displayName="Arial" postScript="" weightStyle="Regular" weight="400" isBold="False" isItalic="False"/>
              <text>Last+Name%3A</text>
              <textColor>4281545523</textColor>
              <textVAlign>VaTop</textVAlign>
              <lineSpacing>0</lineSpacing>
              <selectedIndex>-1</selectedIndex>
            </control>
            <control controlID="087B5E0F-94DC-4390-9D35-2D27EECE3F54" controlTypeID="Label" x="28" y="265" w="43" h="17" zOrder="5">
              <caption>Label</caption>
              <font family="Arial" displayName="Arial" postScript="" weightStyle="Regular" weight="400" isBold="False" isItalic="False"/>
              <text>Email%3A</text>
              <textColor>4281545523</textColor>
              <textVAlign>VaTop</textVAlign>
              <lineSpacing>0</lineSpacing>
              <selectedIndex>-1</selectedIndex>
            </control>
            <control controlID="D18B8E59-C7E5-4986-A29B-50E1D4AB79DF" controlTypeID="Label" x="28" y="344" w="66" h="17" zOrder="6">
              <caption>Label</caption>
              <font family="Arial" displayName="Arial" postScript="" weightStyle="Regular" weight="400" isBold="False" isItalic="False"/>
              <text>Password</text>
              <textColor>4281545523</textColor>
              <textVAlign>VaTop</textVAlign>
              <lineSpacing>0</lineSpacing>
              <selectedIndex>-1</selectedIndex>
            </control>
            <control controlID="9DB76EF1-B501-42EC-BB6E-115479180AC7" controlTypeID="Label" x="114" y="511" w="222" h="17" zOrder="7">
              <caption>Label</caption>
              <font family="Arial" displayName="Arial" postScript="" weightStyle="Regular" weight="400" isBold="False" isItalic="False"/>
              <text>Are+you+an+Artist+or+represent+one%3F</text>
              <textColor>4281545523</textColor>
              <textVAlign>VaTop</textVAlign>
              <lineSpacing>0</lineSpacing>
              <selectedIndex>-1</selectedIndex>
            </control>
            <control controlID="8BB9B057-E215-441D-8DD6-B839B5A82EBD" controlTypeID="Label" x="160" y="533" w="131" h="17" zOrder="8">
              <states>
                <state propName="TextColor" stateType="state_mouseOver" isChecked="True" value="4281545523" varType="20"/>
              </states>
              <caption>Label</caption>
              <font family="Arial" displayName="Arial" postScript="" weightStyle="Regular" weight="400" isBold="False" isItalic="False"/>
              <text>Request+an+Account</text>
              <textColor>4288256409</textColor>
              <textVAlign>VaTop</textVAlign>
              <lineSpacing>0</lineSpacing>
              <selectedIndex>-1</selectedIndex>
            </control>
            <control controlID="269BE229-338E-4AAD-AA04-CCC029C82318" controlTypeID="TextInput" x="27" y="127" w="397" h="36" zOrder="9">
              <caption>Text+Input</caption>
              <borderColor>4291611852</borderColor>
              <font family="Arial" displayName="Arial" postScript="" weightStyle="Regular" weight="400" isBold="False" isItalic="False"/>
              <text>Enter+your+First+Name</text>
              <textColor>4288256409</textColor>
              <lineSpacing>0</lineSpacing>
              <selectedIndex>-1</selectedIndex>
            </control>
            <control controlID="08BCC674-38E3-49B7-9B4F-4EBE669B838D" controlTypeID="TextInput" x="27" y="208" w="397" h="36" zOrder="10">
              <caption>Text+Input</caption>
              <borderColor>4291611852</borderColor>
              <font family="Arial" displayName="Arial" postScript="" weightStyle="Regular" weight="400" isBold="False" isItalic="False"/>
              <text>Enter+your+Last+Name</text>
              <textColor>4288256409</textColor>
              <lineSpacing>0</lineSpacing>
              <selectedIndex>-1</selectedIndex>
            </control>
            <control controlID="E011193E-CC49-4E26-A866-E4F208339C35" controlTypeID="TextInput" x="28" y="292" w="397" h="36" zOrder="11">
              <caption>Text+Input</caption>
              <borderColor>4291611852</borderColor>
              <font family="Arial" displayName="Arial" postScript="" weightStyle="Regular" weight="400" isBold="False" isItalic="False"/>
              <text>Enter+your+Email</text>
              <textColor>4288256409</textColor>
              <lineSpacing>0</lineSpacing>
              <selectedIndex>-1</selectedIndex>
            </control>
            <control controlID="2C4C65F7-5DAE-4755-BE45-BB35B77DE867" controlTypeID="TextInput" x="28" y="371" w="397" h="36" zOrder="12">
              <caption>Text+Input</caption>
              <borderColor>4291611852</borderColor>
              <font family="Arial" displayName="Arial" postScript="" weightStyle="Regular" weight="400" isBold="False" isItalic="False"/>
              <text>Password</text>
              <textColor>4288256409</textColor>
              <lineSpacing>0</lineSpacing>
              <selectedIndex>-1</selectedIndex>
            </control>
            <control controlID="5A4201BE-BFFD-454C-844C-C3211A0415EE" controlTypeID="Button" x="166" y="438" w="114" h="33" zOrder="13">
              <states>
                <state propName="Color" stateType="state_mouseOver" isChecked="True" value="4284900966" varType="20"/>
              </states>
              <caption>Button</caption>
              <color>4288256409</color>
              <borderVisible>False</borderVisible>
              <interactiveData>
                <entry title="">
                  <area shape="0" alt="" ID="{7ABFB348-BA56-4A5B-93B2-9A381B668F83}" coords="(0,0,114,33)"/>
                  <events title="">
                    <event eventType="atClick" isChecked="True">
                      <behaviour title="" isChecked="True" isWait="False" isLoop="False" execMode="emParallel">
                        <target targetID="E5B84939-4CAB-4EDC-B783-4975AFB07B59" isChecked="True" isAutoRecovery="False" isLoop="False" execMode="emSequence">
                          <command name="Popup State Change" isChecked="True" descrition="">
                            <param name="AniInterpolation" value="0" varType="3" description=""/>
                            <param name="AniDuration" value="200" varType="3" description=""/>
                            <param name="AniAutoReverse" value="False" varType="11" description=""/>
                            <param name="AniLoop" value="False" varType="11" description=""/>
                            <param name="AniInterpolationTypeOut" value="False" varType="11" description=""/>
                            <param name="Delay" value="0" varType="3" description=""/>
                            <param name="Value" value="2" varType="3" description=""/>
                            <param name="AniType" value="0" varType="3" description=""/>
                          </command>
                        </target>
                      </behaviour>
                    </event>
                  </events>
                </entry>
              </interactiveData>
              <font family="Arial" displayName="Arial" postScript="" weightStyle="Regular" weight="400" isBold="False" isItalic="False"/>
              <text>Submit</text>
              <textColor>4294967295</textColor>
              <lineSpacing>0</lineSpacing>
              <selectedIndex>-1</selectedIndex>
              <radius>4</radius>
            </control>
            <control controlID="D8C225D2-A33D-43E9-8091-8776B923F3E4" controlTypeID="Icon" x="401" y="25" w="24" h="24" zOrder="14">
              <caption>Icon</caption>
              <color>4288256409</color>
              <interactiveData>
                <entry title="">
                  <area shape="0" alt="" ID="{CBCAF7AD-6E80-4FCC-B94B-11F1F478C157}" coords="(0,0,24,24)"/>
                  <events title="">
                    <event eventType="atClick" isChecked="True">
                      <behaviour title="" isChecked="True" isWait="False" isLoop="False" execMode="emParallel">
                        <target targetID="E5B84939-4CAB-4EDC-B783-4975AFB07B59" isChecked="True" isAutoRecovery="False" isLoop="False" execMode="emSequence">
                          <command name="Popup State Change" isChecked="True" descrition="">
                            <param name="AniInterpolation" value="0" varType="3" description=""/>
                            <param name="AniDuration" value="200" varType="3" description=""/>
                            <param name="AniAutoReverse" value="False" varType="11" description=""/>
                            <param name="AniLoop" value="False" varType="11" description=""/>
                            <param name="AniInterpolationTypeOut" value="False" varType="11" description=""/>
                            <param name="Delay" value="0" varType="3" description=""/>
                            <param name="Value" value="2" varType="3" description=""/>
                            <param name="AniType" value="0" varType="3" description=""/>
                          </command>
                        </target>
                      </behaviour>
                    </event>
                  </events>
                </entry>
              </interactiveData>
              <icon>
                <ID/>
                <iconFontName>jdIonicons</iconFontName>
                <iconCode>62470</iconCode>
              </icon>
              <URL>AD5D5C6B9A9D967AD8052E59BDDD96E1.svg</URL>
            </control>
            <control controlID="92D27886-D346-4333-B8BF-AE34C966339C" controlTypeID="Line" x="27" y="495" w="393" h="1" zOrder="15">
              <caption>Line</caption>
              <color>4291611852</color>
              <font family="Arial" displayName="Arial" postScript="" weightStyle="Regular" weight="400" isBold="False" isItalic="False"/>
              <textSize>14</textSize>
              <lineSpacing>0</lineSpacing>
              <selectedIndex>-1</selectedIndex>
              <controlPoint>(197,0)</controlPoint>
              <startPoint>(1,0)</startPoint>
              <endPoint>(393,0)</endPoint>
            </control>
          </groupChildrenDescriptors>
        </control>
      </groupChildrenDescriptors>
      <isShowBackground>True</isShowBackground>
    </control>
    <control controlID="C2BFB6DF-37A0-43E2-A5A0-8AC4C8F6A1AA" controlTypeID="PopupPanel" x="1161" y="27" w="46" h="46" zOrder="9">
      <caption>Login</caption>
      <groupChildrenDescriptors>
        <control controlID="DCE17511-68CB-4FC5-B711-E5929BA477F2" controlTypeID="Panel" x="0" y="0" w="1920" h="1080" zOrder="0">
          <caption>Panel</caption>
          <locked>True</locked>
          <color>1879048192</color>
          <borderVisible>False</borderVisible>
          <canMove>False</canMove>
          <alias>background</alias>
          <groupChildrenDescriptors>
            <control controlID="0E8CA55C-0706-4281-A327-0F999D6D34F3" controlTypeID="Border" x="0" y="0" w="1920" h="1080" zOrder="0">
              <borderVisible>False</borderVisible>
              <alias>borderLayer</alias>
            </control>
          </groupChildrenDescriptors>
          <thinkness>1</thinkness>
        </control>
        <control controlID="0A93D75B-D924-46B0-AB34-72D29CD2C25B" controlTypeID="PopupPanelContent" x="556" y="43" w="487" h="353" zOrder="1">
          <caption>Unknown...</caption>
          <color>16777215</color>
          <alias>content</alias>
          <groupChildrenDescriptors>
            <control controlID="326F1EBC-DA6D-432B-907E-B01EB0E60E7D" controlTypeID="Shape" x="0" y="0" w="487" h="353" zOrder="0">
              <caption>Shape</caption>
              <borderColor>4294967295</borderColor>
              <borderVisible>False</borderVisible>
              <font family="Arial" displayName="Arial" postScript="" weightStyle="Regular" weight="400" isBold="False" isItalic="False"/>
              <textSize>14</textSize>
              <selectedIndex>-1</selectedIndex>
              <radius>8</radius>
            </control>
            <control controlID="41182553-485B-4980-B5E9-BFE96C800B50" controlTypeID="Label" x="26" y="22" w="81" h="28" zOrder="1">
              <caption>Label</caption>
              <font family="Arial" displayName="Arial" postScript="" weightStyle="Regular" weight="400" isBold="False" isItalic="False"/>
              <text>LOGIN</text>
              <textColor>4288256409</textColor>
              <textSize>24</textSize>
              <textVAlign>VaTop</textVAlign>
              <lineSpacing>0</lineSpacing>
              <useDefaultTextSize>False</useDefaultTextSize>
              <selectedIndex>-1</selectedIndex>
            </control>
            <control controlID="9AD9610D-9295-42C6-ABA9-78553D907C7C" controlTypeID="Label" x="26" y="79" w="125" h="17" zOrder="2">
              <caption>Label</caption>
              <font family="Arial" displayName="Arial" postScript="" weightStyle="Regular" weight="400" isBold="False" isItalic="False"/>
              <text>Email+or+Username</text>
              <textColor>4281545523</textColor>
              <textVAlign>VaTop</textVAlign>
              <lineSpacing>0</lineSpacing>
              <selectedIndex>-1</selectedIndex>
            </control>
            <control controlID="482352EA-1968-4C4A-90F9-375A3DF96224" controlTypeID="Label" x="26" y="170" w="66" h="17" zOrder="3">
              <caption>Label</caption>
              <font family="Arial" displayName="Arial" postScript="" weightStyle="Regular" weight="400" isBold="False" isItalic="False"/>
              <text>Password</text>
              <textColor>4281545523</textColor>
              <textVAlign>VaTop</textVAlign>
              <lineSpacing>0</lineSpacing>
              <selectedIndex>-1</selectedIndex>
            </control>
            <control controlID="25429BC2-2501-4261-BA23-2C50B74DBC1F" controlTypeID="Label" x="26" y="261" w="148" h="17" zOrder="4">
              <states>
                <state propName="TextColor" stateType="state_mouseOver" isChecked="True" value="4281545523" varType="20"/>
              </states>
              <caption>Label</caption>
              <font family="Arial" displayName="Arial" postScript="" weightStyle="Regular" weight="400" isBold="False" isItalic="False"/>
              <text>Forgot+your+password%3F</text>
              <textColor>4288256409</textColor>
              <textVAlign>VaTop</textVAlign>
              <lineSpacing>0</lineSpacing>
              <selectedIndex>-1</selectedIndex>
            </control>
            <control controlID="8D475EA6-9188-4C54-BD99-763504DB63BA" controlTypeID="TextInput" x="26" y="106" w="432" h="36" zOrder="5">
              <caption>Text+Input</caption>
              <borderColor>4291611852</borderColor>
              <font family="Arial" displayName="Arial" postScript="" weightStyle="Regular" weight="400" isBold="False" isItalic="False"/>
              <text>Enter+your+Email+or+Username</text>
              <textColor>4288256409</textColor>
              <lineSpacing>0</lineSpacing>
              <selectedIndex>-1</selectedIndex>
            </control>
            <control controlID="C88DF6EF-E68E-484F-9F45-F5F223124772" controlTypeID="TextInput" x="26" y="197" w="432" h="36" zOrder="6">
              <caption>Text+Input</caption>
              <borderColor>4291611852</borderColor>
              <font family="Arial" displayName="Arial" postScript="" weightStyle="Regular" weight="400" isBold="False" isItalic="False"/>
              <text>Password</text>
              <textColor>4288256409</textColor>
              <lineSpacing>0</lineSpacing>
              <selectedIndex>-1</selectedIndex>
            </control>
            <control controlID="4F1D6ECE-77CB-4920-8183-CF665269B184" controlTypeID="Button" x="187" y="297" w="114" h="33" zOrder="7">
              <states>
                <state propName="Color" stateType="state_mouseOver" isChecked="True" value="4284900966" varType="20"/>
              </states>
              <caption>Button</caption>
              <color>4288256409</color>
              <borderVisible>False</borderVisible>
              <interactiveData>
                <entry title="">
                  <area shape="0" alt="" ID="{7ABFB348-BA56-4A5B-93B2-9A381B668F83}" coords="(0,0,114,33)"/>
                  <events title="">
                    <event eventType="atClick" isChecked="True">
                      <behaviour title="" isChecked="True" isWait="False" isLoop="False" execMode="emParallel">
                        <target targetID="C2BFB6DF-37A0-43E2-A5A0-8AC4C8F6A1AA" isChecked="True" isAutoRecovery="False" isLoop="False" execMode="emSequence">
                          <command name="Popup State Change" isChecked="True" descrition="">
                            <param name="AniInterpolation" value="0" varType="3" description=""/>
                            <param name="AniDuration" value="200" varType="3" description=""/>
                            <param name="AniAutoReverse" value="False" varType="11" description=""/>
                            <param name="AniLoop" value="False" varType="11" description=""/>
                            <param name="AniInterpolationTypeOut" value="False" varType="11" description=""/>
                            <param name="Delay" value="0" varType="3" description=""/>
                            <param name="Value" value="2" varType="3" description=""/>
                            <param name="AniType" value="0" varType="3" description=""/>
                          </command>
                        </target>
                      </behaviour>
                    </event>
                  </events>
                </entry>
              </interactiveData>
              <font family="Arial" displayName="Arial" postScript="" weightStyle="Regular" weight="400" isBold="False" isItalic="False"/>
              <text>Submit</text>
              <textColor>4294967295</textColor>
              <lineSpacing>0</lineSpacing>
              <selectedIndex>-1</selectedIndex>
              <radius>4</radius>
            </control>
            <control controlID="4C5F602D-33A6-4B64-8539-D991BAD4323A" controlTypeID="Icon" x="434" y="24" w="24" h="24" zOrder="8">
              <caption>Icon</caption>
              <color>4288256409</color>
              <interactiveData>
                <entry title="">
                  <area shape="0" alt="" ID="{CBCAF7AD-6E80-4FCC-B94B-11F1F478C157}" coords="(0,0,24,24)"/>
                  <events title="">
                    <event eventType="atClick" isChecked="True">
                      <behaviour title="" isChecked="True" isWait="False" isLoop="False" execMode="emParallel">
                        <target targetID="C2BFB6DF-37A0-43E2-A5A0-8AC4C8F6A1AA" isChecked="True" isAutoRecovery="False" isLoop="False" execMode="emSequence">
                          <command name="Popup State Change" isChecked="True" descrition="">
                            <param name="AniInterpolation" value="0" varType="3" description=""/>
                            <param name="AniDuration" value="200" varType="3" description=""/>
                            <param name="AniAutoReverse" value="False" varType="11" description=""/>
                            <param name="AniLoop" value="False" varType="11" description=""/>
                            <param name="AniInterpolationTypeOut" value="False" varType="11" description=""/>
                            <param name="Delay" value="0" varType="3" description=""/>
                            <param name="Value" value="2" varType="3" description=""/>
                            <param name="AniType" value="0" varType="3" description=""/>
                          </command>
                        </target>
                      </behaviour>
                    </event>
                  </events>
                </entry>
              </interactiveData>
              <icon>
                <ID/>
                <iconFontName>jdIonicons</iconFontName>
                <iconCode>62470</iconCode>
              </icon>
              <URL>AD5D5C6B9A9D967AD8052E59BDDD96E1.svg</URL>
            </control>
          </groupChildrenDescriptors>
        </control>
      </groupChildrenDescriptors>
      <isShowBackground>True</isShowBackground>
    </control>
  </controls>
  <param>
    <backgroundColor>4294967295</backgroundColor>
    <fontFamily>Arial</fontFamily>
    <guideLines>
      <guideLine isLocked="False" isHori="True" value="800"/>
    </guideLines>
    <fontSize>14</fontSize>
  </param>
</mockup>