﻿<mockup version="5.1" platform="MtWeb" defaultW="1920" defaultH="1080" from="FmLocal" minAllowVersion="5.1" ID="02D9D2B2-2263-41AE-8A07-865B34595784" measureW="1920" measureH="1080" mobileScreenScale="0">
  <controls controlCount="115">
    <control controlID="3ADADD95-6853-49CF-B2CF-5BC6FAEAF160" controlTypeID="ScrollView" x="0" y="0" w="1600" h="1080" zOrder="0">
      <caption>Scroll+Box</caption>
      <borderVisible>False</borderVisible>
      <groupChildrenDescriptors>
        <control controlID="260F0FEA-67CC-4A3C-A128-17894CF5CFBA" controlTypeID="ScrollViewContentPanel" x="0" y="0" w="1610" h="2466" zOrder="0">
          <caption>Scroll+ViewPort</caption>
          <alias>contentPanel</alias>
          <groupChildrenDescriptors>
            <control controlID="1944C5EB-10BE-4B51-AE5D-B7677721790E" controlTypeID="Shape" x="0" y="0" w="1600" h="998" zOrder="0">
              <caption>Shape</caption>
              <color>4284900966</color>
              <borderVisible>False</borderVisible>
              <font family="Arial" displayName="Arial" postScript="" weightStyle="Regular" weight="400" isBold="False" isItalic="False"/>
              <textSize>14</textSize>
              <selectedIndex>-1</selectedIndex>
            </control>
            <control controlID="CD781165-A268-43BA-9B10-BE0D184F9113" controlTypeID="Line" x="15" y="9" w="1581" h="983" zOrder="1">
              <caption>Line</caption>
              <color>4288256409</color>
              <font family="Arial" displayName="Arial" postScript="" weightStyle="Regular" weight="400" isBold="False" isItalic="False"/>
              <textSize>14</textSize>
              <lineSpacing>0</lineSpacing>
              <selectedIndex>-1</selectedIndex>
              <controlPoint>(791,492)</controlPoint>
              <startPoint>(1,1)</startPoint>
              <endPoint>(1581,983)</endPoint>
            </control>
            <control controlID="FE048B81-428B-419B-A712-03072E775287" controlTypeID="Line" x="12" y="12" w="1578" h="978" zOrder="2">
              <caption>Line</caption>
              <color>4288256409</color>
              <font family="Arial" displayName="Arial" postScript="" weightStyle="Regular" weight="400" isBold="False" isItalic="False"/>
              <textSize>14</textSize>
              <lineSpacing>0</lineSpacing>
              <selectedIndex>-1</selectedIndex>
              <controlPoint>(789,489)</controlPoint>
              <startPoint>(1578,0)</startPoint>
              <endPoint>(0,978)</endPoint>
            </control>
            <control controlID="BC719DDB-79D5-4519-8B24-5DC390C0A885" controlTypeID="Icon" x="766" y="877" w="67" h="67" zOrder="3">
              <caption>Icon</caption>
              <color>4288256409</color>
              <icon>
                <ID/>
                <iconFontName>jdIonicons</iconFontName>
                <iconCode>61731</iconCode>
              </icon>
              <URL>01C687310F9F3CD70AEFE872B950F27F.svg</URL>
            </control>
            <control controlID="F50E4649-2AF0-4C13-8CC9-FF0F4B531E68" controlTypeID="Shape" x="0" y="959" w="1600" h="926" zOrder="4">
              <caption>Shape</caption>
              <color>4281545523</color>
              <borderVisible>False</borderVisible>
              <font family="Arial" displayName="Arial" postScript="" weightStyle="Regular" weight="400" isBold="False" isItalic="False"/>
              <textSize>14</textSize>
              <selectedIndex>-1</selectedIndex>
            </control>
            <control controlID="8B5F841F-0C56-411E-95F9-E2CFFECD6F84" controlTypeID="Label" x="682" y="1152" w="248" h="37" zOrder="5">
              <caption>Label</caption>
              <font family="Arial" displayName="Arial+Bold" postScript="" weightStyle="Bold" weight="700" isBold="True" isItalic="False"/>
              <text>Search+Smarter</text>
              <textColor>4291611852</textColor>
              <textSize>32</textSize>
              <textVAlign>VaTop</textVAlign>
              <lineSpacing>0</lineSpacing>
              <textStyles>[fsBold]</textStyles>
              <useDefaultTextSize>False</useDefaultTextSize>
              <selectedIndex>-1</selectedIndex>
            </control>
            <control controlID="95502E6C-75E6-4291-8756-2868CDACD7BC" controlTypeID="TextArea" x="410" y="1222" w="780" h="56" zOrder="6">
              <caption>Text+Area</caption>
              <borderColor>4282664004</borderColor>
              <font family="Arial" displayName="Arial+Bold" postScript="" weightStyle="Bold" weight="700" isBold="True" isItalic="False"/>
              <text>Every+song+on+the+platform+is+analyzed+by+professional+music+analysts+across+1%2C000%2B+characteristics+ranging+from+harmony+to+rhythm%2C+performance%2C+mood+etc.</text>
              <textColor>4294967295</textColor>
              <lineSpacingMultiple>1.20000004768372</lineSpacingMultiple>
              <textAlign>HaCenter</textAlign>
              <textStyles>[fsBold]</textStyles>
              <useDefaultTextSize>False</useDefaultTextSize>
              <selectedIndex>-1</selectedIndex>
            </control>
            <control controlID="5EE2028A-7698-437E-990E-7045FBFEDD4D" controlTypeID="TextArea" x="410" y="1595" w="780" h="56" zOrder="7">
              <caption>Text+Area</caption>
              <borderColor>4282664004</borderColor>
              <font family="Arial" displayName="Arial+Bold" postScript="" weightStyle="Bold" weight="700" isBold="True" isItalic="False"/>
              <text>Type+keywords+and+watch+a+drop+down+open+with+search+suggestions%2C+or+use+the+filter+tabs+for+some+basic+help.+Click+tags+to+add+them+to+the+search+and+press+play+to+listen+to+the+results.</text>
              <textColor>4294967295</textColor>
              <lineSpacingMultiple>1.20000004768372</lineSpacingMultiple>
              <textAlign>HaCenter</textAlign>
              <textStyles>[fsBold]</textStyles>
              <useDefaultTextSize>False</useDefaultTextSize>
              <selectedIndex>-1</selectedIndex>
            </control>
            <control controlID="29B87598-C860-4E4A-91F9-E4441BE87D97" controlTypeID="Shape" x="0" y="2145" w="1600" h="321" zOrder="8">
              <caption>Shape</caption>
              <color>4281545523</color>
              <borderVisible>False</borderVisible>
              <font family="Arial" displayName="Arial" postScript="" weightStyle="Regular" weight="400" isBold="False" isItalic="False"/>
              <textSize>14</textSize>
              <selectedIndex>-1</selectedIndex>
            </control>
            <control controlID="CBEA0066-72BB-49AC-AFF1-89CF16B0CF56" controlTypeID="Label" x="263" y="2186" w="90" h="19" zOrder="9">
              <caption>Label</caption>
              <font family="Arial" displayName="Arial+Bold" postScript="" weightStyle="Bold" weight="700" isBold="True" isItalic="False"/>
              <text>Contact+Us</text>
              <textColor>4294967295</textColor>
              <textSize>16</textSize>
              <textVAlign>VaTop</textVAlign>
              <lineSpacing>0</lineSpacing>
              <textStyles>[fsBold]</textStyles>
              <useDefaultTextSize>False</useDefaultTextSize>
              <selectedIndex>-1</selectedIndex>
            </control>
            <control controlID="BF105A2F-79BC-4207-A3AE-3C6F09E55EF7" controlTypeID="Label" x="542" y="2186" w="68" h="19" zOrder="10">
              <caption>Label</caption>
              <font family="Arial" displayName="Arial+Bold" postScript="" weightStyle="Bold" weight="700" isBold="True" isItalic="False"/>
              <text>Jump+to</text>
              <textColor>4294967295</textColor>
              <textSize>16</textSize>
              <textVAlign>VaTop</textVAlign>
              <lineSpacing>0</lineSpacing>
              <textStyles>[fsBold]</textStyles>
              <useDefaultTextSize>False</useDefaultTextSize>
              <selectedIndex>-1</selectedIndex>
            </control>
            <control controlID="E2056150-7560-481D-A786-F6A3FAA2106B" controlTypeID="Label" x="762" y="2186" w="81" h="19" zOrder="11">
              <caption>Label</caption>
              <font family="Arial" displayName="Arial+Bold" postScript="" weightStyle="Bold" weight="700" isBold="True" isItalic="False"/>
              <text>Follow+Us</text>
              <textColor>4294967295</textColor>
              <textSize>16</textSize>
              <textVAlign>VaTop</textVAlign>
              <lineSpacing>0</lineSpacing>
              <textStyles>[fsBold]</textStyles>
              <useDefaultTextSize>False</useDefaultTextSize>
              <selectedIndex>-1</selectedIndex>
            </control>
            <control controlID="3E864270-30E4-42B8-96A0-0C8926F9647D" controlTypeID="Label" x="1035" y="2185" w="197" h="19" zOrder="12">
              <caption>Label</caption>
              <font family="Arial" displayName="Arial" postScript="" weightStyle="Regular" weight="400" isBold="False" isItalic="False"/>
              <text>Join+the+world+of+SoStereo!</text>
              <textColor>4294967295</textColor>
              <textSize>16</textSize>
              <textVAlign>VaTop</textVAlign>
              <lineSpacing>0</lineSpacing>
              <useDefaultTextSize>False</useDefaultTextSize>
              <selectedIndex>-1</selectedIndex>
            </control>
            <control controlID="82404B0E-D6BB-46DB-B396-AFAC71F038D2" controlTypeID="Label" x="261" y="2305" w="47" h="19" zOrder="13">
              <caption>Label</caption>
              <font family="Arial" displayName="Arial+Bold" postScript="" weightStyle="Bold" weight="700" isBold="True" isItalic="False"/>
              <text>Legal</text>
              <textColor>4294967295</textColor>
              <textSize>16</textSize>
              <textVAlign>VaTop</textVAlign>
              <lineSpacing>0</lineSpacing>
              <textStyles>[fsBold]</textStyles>
              <useDefaultTextSize>False</useDefaultTextSize>
              <selectedIndex>-1</selectedIndex>
            </control>
            <control controlID="B43CB549-BC4C-47B3-9891-F2F66D5AA5BE" controlTypeID="Label" x="263" y="2226" w="193" h="19" zOrder="14">
              <caption>Label</caption>
              <font family="Arial" displayName="Arial" postScript="" weightStyle="Regular" weight="400" isBold="False" isItalic="False"/>
              <text>hello@sostereomusic.com</text>
              <textColor>4291611852</textColor>
              <textSize>16</textSize>
              <textVAlign>VaTop</textVAlign>
              <lineSpacing>0</lineSpacing>
              <useDefaultTextSize>False</useDefaultTextSize>
              <selectedIndex>-1</selectedIndex>
            </control>
            <control controlID="456A3376-4962-407D-8432-6D23DC4A37B5" controlTypeID="Label" x="542" y="2226" w="69" h="19" zOrder="15">
              <caption>Label</caption>
              <font family="Arial" displayName="Arial" postScript="" weightStyle="Regular" weight="400" isBold="False" isItalic="False"/>
              <text>Discover</text>
              <textColor>4291611852</textColor>
              <textSize>16</textSize>
              <textVAlign>VaTop</textVAlign>
              <lineSpacing>0</lineSpacing>
              <useDefaultTextSize>False</useDefaultTextSize>
              <selectedIndex>-1</selectedIndex>
            </control>
            <control controlID="8ACB48EF-AEFC-49EA-B531-C24F174013A8" controlTypeID="Label" x="261" y="2345" w="125" h="19" zOrder="16">
              <caption>Label</caption>
              <font family="Arial" displayName="Arial" postScript="" weightStyle="Regular" weight="400" isBold="False" isItalic="False"/>
              <text>Terms+of+Service</text>
              <textColor>4291611852</textColor>
              <textSize>16</textSize>
              <textVAlign>VaTop</textVAlign>
              <lineSpacing>0</lineSpacing>
              <useDefaultTextSize>False</useDefaultTextSize>
              <selectedIndex>-1</selectedIndex>
            </control>
            <control controlID="05A0A80C-2972-47A5-B16E-3F705B45829C" controlTypeID="Label" x="263" y="2250" w="128" h="19" zOrder="17">
              <caption>Label</caption>
              <font family="Arial" displayName="Arial" postScript="" weightStyle="Regular" weight="400" isBold="False" isItalic="False"/>
              <text>%2B1+305-308-6425</text>
              <textColor>4291611852</textColor>
              <textSize>16</textSize>
              <textVAlign>VaTop</textVAlign>
              <lineSpacing>0</lineSpacing>
              <useDefaultTextSize>False</useDefaultTextSize>
              <selectedIndex>-1</selectedIndex>
            </control>
            <control controlID="35F2805F-11C1-4580-8354-7C4224B2E074" controlTypeID="Label" x="542" y="2250" w="101" h="19" zOrder="18">
              <caption>Label</caption>
              <font family="Arial" displayName="Arial" postScript="" weightStyle="Regular" weight="400" isBold="False" isItalic="False"/>
              <text>How+It+Works</text>
              <textColor>4291611852</textColor>
              <textSize>16</textSize>
              <textVAlign>VaTop</textVAlign>
              <lineSpacing>0</lineSpacing>
              <useDefaultTextSize>False</useDefaultTextSize>
              <selectedIndex>-1</selectedIndex>
            </control>
            <control controlID="620E4A88-8425-4FE2-A137-422D9AFDBE2F" controlTypeID="Label" x="261" y="2369" w="106" h="19" zOrder="19">
              <caption>Label</caption>
              <font family="Arial" displayName="Arial" postScript="" weightStyle="Regular" weight="400" isBold="False" isItalic="False"/>
              <text>Privacy+Policy</text>
              <textColor>4291611852</textColor>
              <textSize>16</textSize>
              <textVAlign>VaTop</textVAlign>
              <lineSpacing>0</lineSpacing>
              <useDefaultTextSize>False</useDefaultTextSize>
              <selectedIndex>-1</selectedIndex>
            </control>
            <control controlID="D33A6673-B0D2-4B66-9816-B77283B14643" controlTypeID="IconButton2" x="724" y="2226" w="47" h="47" zOrder="20">
              <caption>Icon+Button</caption>
              <groupChildrenDescriptors>
                <control controlID="ECC302EE-66DC-4203-AE26-524748BA4DF7" controlTypeID="Shape" x="0" y="0" w="47" h="47" zOrder="0">
                  <caption>Shape</caption>
                  <canMove>False</canMove>
                  <alias>shape</alias>
                  <font family="Arial" displayName="Arial" postScript="" weightStyle="Regular" weight="400" isBold="False" isItalic="False"/>
                  <textSize>14</textSize>
                  <selectedIndex>-1</selectedIndex>
                  <radius>8</radius>
                </control>
                <control controlID="498F3CE0-30A2-4F65-AAD8-DA948B279E72" controlTypeID="Icon" x="8" y="8" w="30" h="30" zOrder="1">
                  <caption>Icon</caption>
                  <canMove>False</canMove>
                  <alias>icon</alias>
                  <icon>
                    <ID/>
                    <iconFontName>jdIonicons</iconFontName>
                    <iconCode>62001</iconCode>
                  </icon>
                  <URL>29F37D064345EFF092FDE43A909201C4.svg</URL>
                </control>
                <control controlID="B3484D72-E706-46CB-8122-48CC56981A68" controlTypeID="Label" x="0" y="0" w="39" h="17" zOrder="2">
                  <caption>Label</caption>
                  <canMove>False</canMove>
                  <alias>label</alias>
                  <font family="Arial" displayName="Arial" postScript="" weightStyle="Regular" weight="400" isBold="False" isItalic="False"/>
                  <text>Label</text>
                  <textVAlign>VaTop</textVAlign>
                  <lineSpacing>0</lineSpacing>
                  <selectedIndex>-1</selectedIndex>
                </control>
                <control controlID="C0750F8E-FC2E-4BE9-8852-75A1F72B8FC2" controlTypeID="Shape" x="31" y="0" w="16" h="16" zOrder="3">
                  <caption>Shape</caption>
                  <color>4294901760</color>
                  <borderVisible>False</borderVisible>
                  <canMove>False</canMove>
                  <alias>alarm</alias>
                  <font family="Arial" displayName="Arial" postScript="" weightStyle="Regular" weight="400" isBold="False" isItalic="False"/>
                  <text>2</text>
                  <textColor>4294967295</textColor>
                  <textSize>10</textSize>
                  <selectedIndex>-1</selectedIndex>
                  <radius>100</radius>
                  <radiusIsPercent>True</radiusIsPercent>
                </control>
              </groupChildrenDescriptors>
              <style>ibsRectangle</style>
              <iconSize>30</iconSize>
            </control>
            <control controlID="071E2554-E48D-401B-9A27-087AD76C8DB1" controlTypeID="IconButton2" x="777" y="2226" w="47" h="47" zOrder="21">
              <caption>Icon+Button</caption>
              <groupChildrenDescriptors>
                <control controlID="2B1B3292-8CDE-4A3C-A93E-07B0A4CE0184" controlTypeID="Shape" x="0" y="0" w="47" h="47" zOrder="0">
                  <caption>Shape</caption>
                  <canMove>False</canMove>
                  <alias>shape</alias>
                  <font family="Arial" displayName="Arial" postScript="" weightStyle="Regular" weight="400" isBold="False" isItalic="False"/>
                  <textSize>14</textSize>
                  <selectedIndex>-1</selectedIndex>
                  <radius>8</radius>
                </control>
                <control controlID="DE20539C-D95A-4915-86B9-DAC2B1A9FCE7" controlTypeID="Icon" x="8" y="8" w="30" h="30" zOrder="1">
                  <caption>Icon</caption>
                  <canMove>False</canMove>
                  <alias>icon</alias>
                  <icon>
                    <ID/>
                    <iconFontName>jdIonicons</iconFontName>
                    <iconCode>62019</iconCode>
                  </icon>
                  <URL>6E397F998770B38A343BB5B849DF19E9.svg</URL>
                </control>
                <control controlID="3CAE3C2C-305C-400A-A5D2-787616AF2609" controlTypeID="Label" x="0" y="0" w="39" h="17" zOrder="2">
                  <caption>Label</caption>
                  <canMove>False</canMove>
                  <alias>label</alias>
                  <font family="Arial" displayName="Arial" postScript="" weightStyle="Regular" weight="400" isBold="False" isItalic="False"/>
                  <text>Label</text>
                  <textVAlign>VaTop</textVAlign>
                  <lineSpacing>0</lineSpacing>
                  <selectedIndex>-1</selectedIndex>
                </control>
                <control controlID="DC9BEE87-8E94-46B4-9A87-420B617DB1A9" controlTypeID="Shape" x="31" y="0" w="16" h="16" zOrder="3">
                  <caption>Shape</caption>
                  <color>4294901760</color>
                  <borderVisible>False</borderVisible>
                  <canMove>False</canMove>
                  <alias>alarm</alias>
                  <font family="Arial" displayName="Arial" postScript="" weightStyle="Regular" weight="400" isBold="False" isItalic="False"/>
                  <text>2</text>
                  <textColor>4294967295</textColor>
                  <textSize>10</textSize>
                  <selectedIndex>-1</selectedIndex>
                  <radius>100</radius>
                  <radiusIsPercent>True</radiusIsPercent>
                </control>
              </groupChildrenDescriptors>
              <style>ibsRectangle</style>
              <iconSize>30</iconSize>
            </control>
            <control controlID="26A19EEC-B348-443E-B9CD-A47A9443FE2B" controlTypeID="IconButton2" x="829" y="2226" w="47" h="47" zOrder="22">
              <caption>Icon+Button</caption>
              <groupChildrenDescriptors>
                <control controlID="5341B16F-F15D-48B2-934F-69955E972A1C" controlTypeID="Shape" x="0" y="0" w="47" h="47" zOrder="0">
                  <caption>Shape</caption>
                  <canMove>False</canMove>
                  <alias>shape</alias>
                  <font family="Arial" displayName="Arial" postScript="" weightStyle="Regular" weight="400" isBold="False" isItalic="False"/>
                  <textSize>14</textSize>
                  <selectedIndex>-1</selectedIndex>
                  <radius>8</radius>
                </control>
                <control controlID="994CB7E1-900F-47D4-B51A-232B4546723F" controlTypeID="Icon" x="8" y="8" w="30" h="30" zOrder="1">
                  <caption>Icon</caption>
                  <canMove>False</canMove>
                  <alias>icon</alias>
                  <icon>
                    <ID/>
                    <iconFontName>jdIonicons</iconFontName>
                    <iconCode>62029</iconCode>
                  </icon>
                  <URL>4529DADA0AD1F8BF89E5709239A0C3BD.svg</URL>
                </control>
                <control controlID="FFFD6DAD-38F7-4FC4-8286-647474095DE3" controlTypeID="Label" x="0" y="0" w="39" h="17" zOrder="2">
                  <caption>Label</caption>
                  <canMove>False</canMove>
                  <alias>label</alias>
                  <font family="Arial" displayName="Arial" postScript="" weightStyle="Regular" weight="400" isBold="False" isItalic="False"/>
                  <text>Label</text>
                  <textVAlign>VaTop</textVAlign>
                  <lineSpacing>0</lineSpacing>
                  <selectedIndex>-1</selectedIndex>
                </control>
                <control controlID="6B123E7D-0AAE-4EBC-8F61-7131E47D4C3F" controlTypeID="Shape" x="31" y="0" w="16" h="16" zOrder="3">
                  <caption>Shape</caption>
                  <color>4294901760</color>
                  <borderVisible>False</borderVisible>
                  <canMove>False</canMove>
                  <alias>alarm</alias>
                  <font family="Arial" displayName="Arial" postScript="" weightStyle="Regular" weight="400" isBold="False" isItalic="False"/>
                  <text>2</text>
                  <textColor>4294967295</textColor>
                  <textSize>10</textSize>
                  <selectedIndex>-1</selectedIndex>
                  <radius>100</radius>
                  <radiusIsPercent>True</radiusIsPercent>
                </control>
              </groupChildrenDescriptors>
              <style>ibsRectangle</style>
              <iconSize>30</iconSize>
            </control>
            <control controlID="FDB5D40D-FF34-4421-AC38-286749843625" controlTypeID="TextInput" x="1035" y="2216" w="279" h="30" zOrder="23">
              <caption>Text+Input</caption>
              <font family="Arial" displayName="Arial" postScript="" weightStyle="Regular" weight="400" isBold="False" isItalic="False"/>
              <text>Email</text>
              <textColor>4284900966</textColor>
              <lineSpacing>0</lineSpacing>
              <selectedIndex>-1</selectedIndex>
            </control>
            <control controlID="5E42D602-F836-43A5-A36F-D55725CEBFC1" controlTypeID="Button" x="1035" y="2266" w="279" h="50" zOrder="24">
              <states>
                <state propName="Color" stateType="state_mouseOver" isChecked="True" value="4294967295" varType="20"/>
                <state propName="TextColor" stateType="state_mouseOver" isChecked="True" value="4284900966" varType="20"/>
              </states>
              <caption>Button</caption>
              <color>4288256409</color>
              <borderColor>4288256409</borderColor>
              <font family="Arial" displayName="Arial+Bold" postScript="" weightStyle="Bold" weight="700" isBold="True" isItalic="False"/>
              <text>STAY+IN+THE+LOOP</text>
              <textColor>4294967295</textColor>
              <lineSpacing>0</lineSpacing>
              <textStyles>[fsBold]</textStyles>
              <selectedIndex>-1</selectedIndex>
              <radius>100</radius>
              <radiusIsPercent>True</radiusIsPercent>
              <thickness>3</thickness>
            </control>
            <control controlID="B2D83F9A-F109-49D6-8EB0-EB261AC25A9A" controlTypeID="Image" x="724" y="2325" w="105" h="40" zOrder="25">
              <caption>Image</caption>
              <showText>False</showText>
            </control>
            <control controlID="AE9B1376-14EF-41E7-B97E-E125EE001941" controlTypeID="TextInput" x="453" y="1365" w="719" h="42" zOrder="26">
              <caption>Text+Input</caption>
              <color>4278190080</color>
              <font family="Arial" displayName="Arial" postScript="" weightStyle="Regular" weight="400" isBold="False" isItalic="False"/>
              <text>+++++++++Search</text>
              <textColor>4294967295</textColor>
              <lineSpacing>0</lineSpacing>
              <selectedIndex>-1</selectedIndex>
              <canInput>False</canInput>
            </control>
            <control controlID="5EBE822D-8C23-4683-8B09-041A7E75815B" controlTypeID="Icon" x="462" y="1376" w="20" h="20" zOrder="27">
              <caption>Icon</caption>
              <color>4294967295</color>
              <icon>
                <ID/>
                <iconFontName>jdIonicons</iconFontName>
                <iconCode>62628</iconCode>
              </icon>
              <URL>274F8E6597A0B62726A97F81B99D884E.svg</URL>
            </control>
            <control controlID="0BB33C78-EF5F-45D9-8F20-6EFA72DCA3A9" controlTypeID="Button" x="588" y="1706" w="424" h="67" zOrder="28">
              <states>
                <state propName="Color" stateType="state_mouseOver" isChecked="True" value="4294967295" varType="20"/>
                <state propName="TextColor" stateType="state_mouseOver" isChecked="True" value="4288256409" varType="20"/>
              </states>
              <caption>Button</caption>
              <color>4288256409</color>
              <borderVisible>False</borderVisible>
              <links eventType="AtClick" animate="AmNone" animateAutoDelay="0" animateDuration="500">
                <link targetPageID="3D460FBB-1DE4-4D8E-966D-06F85DE506EB" linkType="ltPageLink" isApplyIncludePage="False" title="How+It+Works">
                  <area shape="0" alt="" ID="{C516B302-6CF5-4128-87BD-317FE6399649}" coords="(0,0,424,67)"/>
                </link>
              </links>
              <font family="Arial" displayName="Arial+Bold" postScript="" weightStyle="Bold" weight="700" isBold="True" isItalic="False"/>
              <text>MORE+FEATURES</text>
              <textColor>4294967295</textColor>
              <textSize>24</textSize>
              <lineSpacing>0</lineSpacing>
              <textStyles>[fsBold]</textStyles>
              <useDefaultTextSize>False</useDefaultTextSize>
              <selectedIndex>-1</selectedIndex>
              <radius>100</radius>
              <radiusIsPercent>True</radiusIsPercent>
            </control>
            <control controlID="FD4B8DE2-98E2-40A6-B9C2-89EE985B14D2" controlTypeID="Shape" x="0" y="1884" w="1601" h="262" zOrder="29">
              <caption>Shape</caption>
              <color>4288256409</color>
              <borderVisible>False</borderVisible>
              <font family="Arial" displayName="Arial" postScript="" weightStyle="Regular" weight="400" isBold="False" isItalic="False"/>
              <textSize>14</textSize>
              <selectedIndex>-1</selectedIndex>
            </control>
            <control controlID="E8E9996D-08D9-4C92-B71A-46B627F612E1" controlTypeID="TextArea" x="317" y="1935" w="966" h="72" zOrder="30">
              <caption>Text+Area</caption>
              <borderColor>4282664004</borderColor>
              <font family="Arial" displayName="Arial+Bold" postScript="" weightStyle="Bold" weight="700" isBold="True" isItalic="False"/>
              <text>Want+custom+music%3F+We've+got+your+back!+We+work+with+top+artists+and+producers+that+can+create+the+perfect+song+for+your+project.</text>
              <textColor>4294967295</textColor>
              <textSize>24</textSize>
              <textAlign>HaCenter</textAlign>
              <textStyles>[fsBold]</textStyles>
              <useDefaultTextSize>False</useDefaultTextSize>
              <selectedIndex>-1</selectedIndex>
            </control>
            <control controlID="337C7D6C-9CD2-48B6-87F9-139D42057EC5" controlTypeID="Button" x="613" y="2022" w="374" h="79" zOrder="31">
              <caption>Button</caption>
              <color>4278190080</color>
              <borderVisible>False</borderVisible>
              <font family="Arial" displayName="Arial+Bold" postScript="" weightStyle="Bold" weight="700" isBold="True" isItalic="False"/>
              <text>START+HERE</text>
              <textColor>4294967295</textColor>
              <textSize>24</textSize>
              <lineSpacing>0</lineSpacing>
              <textStyles>[fsBold]</textStyles>
              <useDefaultTextSize>False</useDefaultTextSize>
              <selectedIndex>-1</selectedIndex>
              <radius>100</radius>
              <radiusIsPercent>True</radiusIsPercent>
            </control>
          </groupChildrenDescriptors>
        </control>
        <control controlID="DE817328-BB65-4DA8-86E1-C4B458D174D1" controlTypeID="Border" x="0" y="0" w="1600" h="1080" zOrder="1">
          <color>4284900966</color>
          <borderColor>4278190080</borderColor>
          <borderVisible>False</borderVisible>
          <alias>borderLayer</alias>
        </control>
      </groupChildrenDescriptors>
      <showScrollBars>False</showScrollBars>
    </control>
    <control controlID="9A01A89D-B13C-416A-9BBC-61A07EB07591" controlTypeID="Image" x="100" y="32" w="42" h="42" zOrder="1">
      <caption>Image</caption>
      <URL>3333DA8E5F542C12BB919E4D883E59ED.png</URL>
      <showText>False</showText>
    </control>
    <control controlID="A8422506-9E20-42E9-87F9-9C1ED31C4409" controlTypeID="Icon" x="170" y="41" w="24" h="24" zOrder="2">
      <caption>Icon</caption>
      <color>4294967295</color>
      <interactiveData>
        <entry title="">
          <area shape="0" alt="" ID="{76C07941-7BEE-4F69-8EBC-AF54E60735F7}" coords="(0,0,24,24)"/>
          <events title="">
            <event eventType="atClick" isChecked="True">
              <behaviour title="" isChecked="True" isWait="False" isLoop="False" execMode="emParallel">
                <target targetID="0A10C650-D3E5-4C95-93DB-8630722009D0" isChecked="True" isAutoRecovery="False" isLoop="False" execMode="emParallel">
                  <command name="Change Visibility" isChecked="True" descrition="">
                    <param name="AniInterpolation" value="1" varType="3" description=""/>
                    <param name="AniDuration" value="200" varType="3" description=""/>
                    <param name="AniAutoReverse" value="False" varType="11" description=""/>
                    <param name="AniLoop" value="False" varType="11" description=""/>
                    <param name="AniInterpolationTypeOut" value="False" varType="11" description=""/>
                    <param name="Delay" value="0" varType="3" description=""/>
                    <param name="ValueFromCurrent" value="True" varType="11" description=""/>
                    <param name="ForceFromInitValue" value="False" varType="11" description=""/>
                    <param name="ForceSetVisible" value="False" varType="11" description=""/>
                    <param name="Value" value="0" varType="3" description=""/>
                    <param name="TerminateLoopByClick" value="True" varType="11" description=""/>
                  </command>
                  <command name="Move" isChecked="True" descrition="">
                    <param name="AniInterpolation" value="1" varType="3" description=""/>
                    <param name="AniDuration" value="200" varType="3" description=""/>
                    <param name="AniAutoReverse" value="False" varType="11" description=""/>
                    <param name="AniLoop" value="False" varType="11" description=""/>
                    <param name="AniInterpolationTypeOut" value="False" varType="11" description=""/>
                    <param name="Delay" value="0" varType="3" description=""/>
                    <param name="MoveMode" value="1" varType="3" description=""/>
                    <param name="ValueFromCurrent" value="True" varType="11" description=""/>
                    <param name="FromX" value="0" varType="3" description=""/>
                    <param name="FromY" value="0" varType="3" description=""/>
                    <param name="ToX" value="0" varType="3" description=""/>
                    <param name="ToY" value="0" varType="3" description=""/>
                    <param name="ByX" value="200" varType="3" description=""/>
                    <param name="ByY" value="0" varType="3" description=""/>
                    <param name="TerminateLoopByClick" value="True" varType="11" description=""/>
                    <param name="MovePlaceVert" value="3" varType="3" description=""/>
                    <param name="MovePlaceHori" value="1" varType="3" description=""/>
                  </command>
                </target>
              </behaviour>
            </event>
          </events>
        </entry>
      </interactiveData>
      <icon>
        <ID/>
        <iconFontName>jdIonicons</iconFontName>
        <iconCode>61965</iconCode>
      </icon>
      <URL>D9CE39CAA2C488188BF922BD18FCD68B.svg</URL>
    </control>
    <control controlID="54A6A47A-76D4-4D9D-95CD-C407FE21B2F1" controlTypeID="Label" x="1304" y="56" w="48" h="17" zOrder="3">
      <states>
        <state propName="TextColor" stateType="state_mouseOver" isChecked="True" value="4288256409" varType="20"/>
      </states>
      <caption>Label</caption>
      <interactiveData>
        <entry title="">
          <area shape="0" alt="" ID="{AA437017-DC80-47A7-98A3-F2E3C2D26A74}" coords="(0,0,48,17)"/>
          <events title="">
            <event eventType="atClick" isChecked="True">
              <behaviour title="" isChecked="True" isWait="False" isLoop="False" execMode="emParallel">
                <target targetID="40F0E12E-AF00-424F-BD8B-4EACB27C4134" isChecked="True" isAutoRecovery="False" isLoop="False" execMode="emSequence">
                  <command name="Popup State Change" isChecked="True" descrition="">
                    <param name="AniInterpolation" value="0" varType="3" description=""/>
                    <param name="AniDuration" value="200" varType="3" description=""/>
                    <param name="AniAutoReverse" value="False" varType="11" description=""/>
                    <param name="AniLoop" value="False" varType="11" description=""/>
                    <param name="AniInterpolationTypeOut" value="False" varType="11" description=""/>
                    <param name="Delay" value="0" varType="3" description=""/>
                    <param name="Value" value="2" varType="3" description=""/>
                    <param name="AniType" value="0" varType="3" description=""/>
                  </command>
                </target>
              </behaviour>
            </event>
          </events>
        </entry>
      </interactiveData>
      <font family="Arial" displayName="Arial" postScript="" weightStyle="Regular" weight="400" isBold="False" isItalic="False"/>
      <text>LOGIN</text>
      <textColor>4294967295</textColor>
      <textVAlign>VaTop</textVAlign>
      <lineSpacing>0</lineSpacing>
      <selectedIndex>-1</selectedIndex>
    </control>
    <control controlID="3527AE27-FEC4-411E-8BB2-590CEFCB8164" controlTypeID="Button" x="1364" y="34" w="186" h="59" zOrder="4">
      <states>
        <state propName="Color" stateType="state_mouseOver" isChecked="True" value="4288256409" varType="20"/>
        <state propName="TextColor" stateType="state_mouseOver" isChecked="True" value="4294967295" varType="20"/>
      </states>
      <caption>Button</caption>
      <color>10066329</color>
      <borderColor>4288256409</borderColor>
      <interactiveData>
        <entry title="">
          <area shape="0" alt="" ID="{A317681F-FC4A-4302-8821-D9DB9E59E7FB}" coords="(0,0,186,59)"/>
          <events title="">
            <event eventType="atClick" isChecked="True">
              <behaviour title="" isChecked="True" isWait="False" isLoop="False" execMode="emParallel">
                <target targetID="6326EF70-3160-44E2-A725-84F4D7109005" isChecked="True" isAutoRecovery="False" isLoop="False" execMode="emSequence">
                  <command name="Popup State Change" isChecked="True" descrition="">
                    <param name="AniInterpolation" value="0" varType="3" description=""/>
                    <param name="AniDuration" value="200" varType="3" description=""/>
                    <param name="AniAutoReverse" value="False" varType="11" description=""/>
                    <param name="AniLoop" value="False" varType="11" description=""/>
                    <param name="AniInterpolationTypeOut" value="False" varType="11" description=""/>
                    <param name="Delay" value="0" varType="3" description=""/>
                    <param name="Value" value="2" varType="3" description=""/>
                    <param name="AniType" value="0" varType="3" description=""/>
                  </command>
                </target>
              </behaviour>
            </event>
          </events>
        </entry>
      </interactiveData>
      <font family="Arial" displayName="Arial+Bold" postScript="" weightStyle="Bold" weight="700" isBold="True" isItalic="False"/>
      <text>SIGN+UP+FOR+FREE</text>
      <textColor>4288256409</textColor>
      <lineSpacing>0</lineSpacing>
      <textStyles>[fsBold]</textStyles>
      <selectedIndex>-1</selectedIndex>
      <radius>100</radius>
      <radiusIsPercent>True</radiusIsPercent>
      <thickness>3</thickness>
    </control>
    <control controlID="0A10C650-D3E5-4C95-93DB-8630722009D0" controlTypeID="Panel" x="0" y="0" w="212" h="1100" zOrder="5">
      <isShow>False</isShow>
      <caption>Panel</caption>
      <borderVisible>False</borderVisible>
      <groupChildrenDescriptors>
        <control controlID="447618DF-1A0E-4924-8A04-5428B1319A62" controlTypeID="Image" x="64" y="20" w="85" h="85" zOrder="0">
          <caption>Image</caption>
          <URL>47CB31C0EF769FA48F2B81C2C8C79C8E.png</URL>
          <showText>False</showText>
        </control>
        <control controlID="2FF2D724-348B-4CBA-A071-EE4F0BFD5FE1" controlTypeID="Icon" x="168" y="50" w="24" h="24" zOrder="1">
          <caption>Icon</caption>
          <color>4288256409</color>
          <interactiveData>
            <entry title="">
              <area shape="0" alt="" ID="{5810FB32-C187-45D1-A369-54D8224A0D59}" coords="(0,0,60,60)"/>
              <events title="">
                <event eventType="atClick" isChecked="True">
                  <behaviour title="" isChecked="True" isWait="False" isLoop="False" execMode="emParallel">
                    <target targetID="0A10C650-D3E5-4C95-93DB-8630722009D0" isChecked="True" isAutoRecovery="False" isLoop="False" execMode="emParallel">
                      <command name="Change Visibility" isChecked="True" descrition="">
                        <param name="AniInterpolation" value="1" varType="3" description=""/>
                        <param name="AniDuration" value="200" varType="3" description=""/>
                        <param name="AniAutoReverse" value="False" varType="11" description=""/>
                        <param name="AniLoop" value="False" varType="11" description=""/>
                        <param name="AniInterpolationTypeOut" value="False" varType="11" description=""/>
                        <param name="Delay" value="0" varType="3" description=""/>
                        <param name="ValueFromCurrent" value="True" varType="11" description=""/>
                        <param name="ForceFromInitValue" value="False" varType="11" description=""/>
                        <param name="ForceSetVisible" value="False" varType="11" description=""/>
                        <param name="Value" value="1" varType="3" description=""/>
                        <param name="TerminateLoopByClick" value="True" varType="11" description=""/>
                      </command>
                      <command name="Move" isChecked="True" descrition="">
                        <param name="AniInterpolation" value="1" varType="3" description=""/>
                        <param name="AniDuration" value="200" varType="3" description=""/>
                        <param name="AniAutoReverse" value="False" varType="11" description=""/>
                        <param name="AniLoop" value="False" varType="11" description=""/>
                        <param name="AniInterpolationTypeOut" value="False" varType="11" description=""/>
                        <param name="Delay" value="0" varType="3" description=""/>
                        <param name="MoveMode" value="0" varType="3" description=""/>
                        <param name="ValueFromCurrent" value="True" varType="11" description=""/>
                        <param name="FromX" value="0" varType="3" description=""/>
                        <param name="FromY" value="0" varType="3" description=""/>
                        <param name="ToX" value="0" varType="3" description=""/>
                        <param name="ToY" value="0" varType="3" description=""/>
                        <param name="ByX" value="-200" varType="256" description=""/>
                        <param name="ByY" value="0" varType="3" description=""/>
                        <param name="TerminateLoopByClick" value="True" varType="11" description=""/>
                        <param name="MovePlaceVert" value="3" varType="3" description=""/>
                        <param name="MovePlaceHori" value="1" varType="3" description=""/>
                      </command>
                    </target>
                  </behaviour>
                </event>
              </events>
            </entry>
          </interactiveData>
          <icon>
            <ID/>
            <iconFontName>jdIonicons</iconFontName>
            <iconCode>62470</iconCode>
          </icon>
          <URL>AD5D5C6B9A9D967AD8052E59BDDD96E1.svg</URL>
        </control>
        <control controlID="E6181A92-88AD-45F7-8776-92C401B97654" controlTypeID="Line" x="1" y="406" w="210" h="1" zOrder="2">
          <caption>Line</caption>
          <color>4291611852</color>
          <font family="Arial" displayName="Arial" postScript="" weightStyle="Regular" weight="400" isBold="False" isItalic="False"/>
          <textSize>14</textSize>
          <lineSpacing>0</lineSpacing>
          <selectedIndex>-1</selectedIndex>
          <controlPoint>(105,0)</controlPoint>
          <startPoint>(0,0)</startPoint>
          <endPoint>(210,0)</endPoint>
        </control>
        <control controlID="D83F345E-E1DD-4C2C-904C-447FD57DC1C4" controlTypeID="Line" x="1" y="518" w="210" h="1" zOrder="3">
          <caption>Line</caption>
          <color>4291611852</color>
          <font family="Arial" displayName="Arial" postScript="" weightStyle="Regular" weight="400" isBold="False" isItalic="False"/>
          <textSize>14</textSize>
          <lineSpacing>0</lineSpacing>
          <selectedIndex>-1</selectedIndex>
          <controlPoint>(105,0)</controlPoint>
          <startPoint>(0,0)</startPoint>
          <endPoint>(210,0)</endPoint>
        </control>
        <control controlID="94D0CA04-B538-4C38-8ADB-A6164E760BA7" controlTypeID="Line" x="1" y="632" w="210" h="1" zOrder="4">
          <caption>Line</caption>
          <color>4291611852</color>
          <font family="Arial" displayName="Arial" postScript="" weightStyle="Regular" weight="400" isBold="False" isItalic="False"/>
          <textSize>14</textSize>
          <lineSpacing>0</lineSpacing>
          <selectedIndex>-1</selectedIndex>
          <controlPoint>(105,0)</controlPoint>
          <startPoint>(0,0)</startPoint>
          <endPoint>(210,0)</endPoint>
        </control>
        <control controlID="BFFFD534-82E4-4354-9DEF-97A4D2DB71A7" controlTypeID="Line" x="1" y="693" w="210" h="1" zOrder="5">
          <caption>Line</caption>
          <color>4291611852</color>
          <font family="Arial" displayName="Arial" postScript="" weightStyle="Regular" weight="400" isBold="False" isItalic="False"/>
          <textSize>14</textSize>
          <lineSpacing>0</lineSpacing>
          <selectedIndex>-1</selectedIndex>
          <controlPoint>(105,0)</controlPoint>
          <startPoint>(0,0)</startPoint>
          <endPoint>(210,0)</endPoint>
        </control>
        <control controlID="BA2894F5-0D1B-491F-8DBC-42B1E53A37EE" controlTypeID="Label" x="0" y="155" w="212" h="39" zOrder="6">
          <states>
            <state propName="Color" stateType="state_mouseOver" isChecked="True" value="4294111986" varType="20"/>
            <state propName="TextColor" stateType="state_mouseOver" isChecked="True" value="4278190080" varType="20"/>
          </states>
          <caption>Label</caption>
          <isAutoSize>False</isAutoSize>
          <links eventType="AtClick" animate="AmNone" animateAutoDelay="0" animateDuration="500">
            <link targetPageID="E499E3FA-DE1B-4950-8F03-29703759E657" linkType="ltPageLink" isApplyIncludePage="False" title="Home">
              <area shape="0" alt="" ID="{24412493-F7CA-4C14-85AB-CD46757E8F1A}" coords="(0,0,212,39)"/>
            </link>
          </links>
          <font family="Arial" displayName="Arial" postScript="" weightStyle="Regular" weight="400" isBold="False" isItalic="False"/>
          <text>++++++Home</text>
          <textColor>4284900966</textColor>
          <textVAlign>VaTop</textVAlign>
          <lineSpacing>0</lineSpacing>
          <selectedIndex>-1</selectedIndex>
        </control>
        <control controlID="1005E59B-2827-4C90-B746-E63F56A9F954" controlTypeID="Label" x="0" y="194" w="212" h="39" zOrder="7">
          <states>
            <state propName="Color" stateType="state_mouseOver" isChecked="True" value="4294111986" varType="20"/>
            <state propName="TextColor" stateType="state_mouseOver" isChecked="True" value="4278190080" varType="20"/>
          </states>
          <caption>Label</caption>
          <isAutoSize>False</isAutoSize>
          <font family="Arial" displayName="Arial" postScript="" weightStyle="Regular" weight="400" isBold="False" isItalic="False"/>
          <text>++++++Discover</text>
          <textVAlign>VaTop</textVAlign>
          <lineSpacing>0</lineSpacing>
          <selectedIndex>-1</selectedIndex>
        </control>
        <control controlID="D6B9F755-3A5D-4C24-B242-5180FC8C32EA" controlTypeID="Label" x="0" y="232" w="212" h="39" zOrder="8">
          <states>
            <state propName="Color" stateType="state_mouseOver" isChecked="True" value="4294111986" varType="20"/>
            <state propName="TextColor" stateType="state_mouseOver" isChecked="True" value="4278190080" varType="20"/>
          </states>
          <caption>Label</caption>
          <isAutoSize>False</isAutoSize>
          <font family="Arial" displayName="Arial" postScript="" weightStyle="Regular" weight="400" isBold="False" isItalic="False"/>
          <text>++++++Playlists</text>
          <textColor>4284900966</textColor>
          <textVAlign>VaTop</textVAlign>
          <lineSpacing>0</lineSpacing>
          <selectedIndex>-1</selectedIndex>
        </control>
        <control controlID="8F07587C-26A3-4E35-9F5F-3FA93934DF19" controlTypeID="Label" x="0" y="271" w="212" h="39" zOrder="9">
          <states>
            <state propName="Color" stateType="state_mouseOver" isChecked="True" value="4294111986" varType="20"/>
            <state propName="TextColor" stateType="state_mouseOver" isChecked="True" value="4278190080" varType="20"/>
          </states>
          <caption>Label</caption>
          <isAutoSize>False</isAutoSize>
          <links eventType="AtClick" animate="AmNone" animateAutoDelay="0" animateDuration="500">
            <link targetPageID="3D460FBB-1DE4-4D8E-966D-06F85DE506EB" linkType="ltPageLink" isApplyIncludePage="False" title="How+It+Works">
              <area shape="0" alt="" ID="{24412493-F7CA-4C14-85AB-CD46757E8F1A}" coords="(0,0,212,39)"/>
            </link>
          </links>
          <font family="Arial" displayName="Arial" postScript="" weightStyle="Regular" weight="400" isBold="False" isItalic="False"/>
          <text>++++++How+It+Works</text>
          <textColor>4284900966</textColor>
          <textVAlign>VaTop</textVAlign>
          <lineSpacing>0</lineSpacing>
          <selectedIndex>-1</selectedIndex>
        </control>
        <control controlID="747DEB6B-86D5-4E09-8EBA-33451CD469AC" controlTypeID="Label" x="0" y="310" w="212" h="39" zOrder="10">
          <states>
            <state propName="Color" stateType="state_mouseOver" isChecked="True" value="4294111986" varType="20"/>
            <state propName="TextColor" stateType="state_mouseOver" isChecked="True" value="4278190080" varType="20"/>
          </states>
          <caption>Label</caption>
          <isAutoSize>False</isAutoSize>
          <links eventType="AtClick" animate="AmNone" animateAutoDelay="0" animateDuration="500">
            <link targetPageID="01DB419B-D256-4BE4-B502-B05C37C7C759" linkType="ltPageLink" isApplyIncludePage="False" title="FAQ">
              <area shape="0" alt="" ID="{24412493-F7CA-4C14-85AB-CD46757E8F1A}" coords="(0,0,212,39)"/>
            </link>
          </links>
          <font family="Arial" displayName="Arial" postScript="" weightStyle="Regular" weight="400" isBold="False" isItalic="False"/>
          <text>++++++FAQ</text>
          <textColor>4284900966</textColor>
          <textVAlign>VaTop</textVAlign>
          <lineSpacing>0</lineSpacing>
          <selectedIndex>-1</selectedIndex>
        </control>
        <control controlID="D8237739-9B61-4C31-9601-63A83B11C238" controlTypeID="Label" x="0" y="349" w="212" h="39" zOrder="11">
          <states>
            <state propName="Color" stateType="state_mouseOver" isChecked="True" value="4294111986" varType="20"/>
            <state propName="TextColor" stateType="state_mouseOver" isChecked="True" value="4278190080" varType="20"/>
          </states>
          <caption>Label</caption>
          <isAutoSize>False</isAutoSize>
          <font family="Arial" displayName="Arial" postScript="" weightStyle="Regular" weight="400" isBold="False" isItalic="False"/>
          <text>++++++Contact+Us</text>
          <textColor>4284900966</textColor>
          <textVAlign>VaTop</textVAlign>
          <lineSpacing>0</lineSpacing>
          <selectedIndex>-1</selectedIndex>
        </control>
        <control controlID="2A06871D-6B27-48A2-9A2D-64A373B7832A" controlTypeID="Label" x="0" y="424" w="212" h="39" zOrder="12">
          <states>
            <state propName="Color" stateType="state_mouseOver" isChecked="True" value="4294111986" varType="20"/>
            <state propName="TextColor" stateType="state_mouseOver" isChecked="True" value="4284900966" varType="20"/>
          </states>
          <caption>Label</caption>
          <isAutoSize>False</isAutoSize>
          <interactiveData>
            <entry title="">
              <area shape="0" alt="" ID="{3A517FF3-6752-4CC8-B711-F8B9948A2EE9}" coords="(0,0,60,60)"/>
              <events title="">
                <event eventType="atClick" isChecked="True">
                  <behaviour title="" isChecked="True" isWait="False" isLoop="False" execMode="emParallel">
                    <target targetID="6326EF70-3160-44E2-A725-84F4D7109005" isChecked="True" isAutoRecovery="False" isLoop="False" execMode="emSequence">
                      <command name="Popup State Change" isChecked="True" descrition="">
                        <param name="AniInterpolation" value="0" varType="3" description=""/>
                        <param name="AniDuration" value="200" varType="3" description=""/>
                        <param name="AniAutoReverse" value="False" varType="11" description=""/>
                        <param name="AniLoop" value="False" varType="11" description=""/>
                        <param name="AniInterpolationTypeOut" value="False" varType="11" description=""/>
                        <param name="Delay" value="0" varType="3" description=""/>
                        <param name="Value" value="2" varType="3" description=""/>
                        <param name="AniType" value="0" varType="3" description=""/>
                      </command>
                    </target>
                  </behaviour>
                </event>
              </events>
            </entry>
          </interactiveData>
          <font family="Arial" displayName="Arial" postScript="" weightStyle="Regular" weight="400" isBold="False" isItalic="False"/>
          <text>++++++Sign+Up</text>
          <textColor>4288256409</textColor>
          <textVAlign>VaTop</textVAlign>
          <lineSpacing>0</lineSpacing>
          <selectedIndex>-1</selectedIndex>
        </control>
        <control controlID="07E417DA-6483-46A4-8603-A454AA4ACAFA" controlTypeID="Label" x="0" y="536" w="212" h="39" zOrder="13">
          <states>
            <state propName="Color" stateType="state_mouseOver" isChecked="True" value="4294111986" varType="20"/>
            <state propName="TextColor" stateType="state_mouseOver" isChecked="True" value="4284900966" varType="20"/>
          </states>
          <caption>Label</caption>
          <isAutoSize>False</isAutoSize>
          <links eventType="AtClick" animate="AmNone" animateAutoDelay="0" animateDuration="500">
            <link targetPageID="D9EBF942-08FE-4612-9194-C5241120C993" linkType="ltPageLink" isApplyIncludePage="False" title="Terms+Of+Service">
              <area shape="0" alt="" ID="{24412493-F7CA-4C14-85AB-CD46757E8F1A}" coords="(0,0,212,39)"/>
            </link>
          </links>
          <font family="Arial" displayName="Arial" postScript="" weightStyle="Regular" weight="400" isBold="False" isItalic="False"/>
          <text>++++++Terms+of+Service</text>
          <textColor>4288256409</textColor>
          <textVAlign>VaTop</textVAlign>
          <lineSpacing>0</lineSpacing>
          <selectedIndex>-1</selectedIndex>
        </control>
        <control controlID="D70A612B-D24B-4BF3-83E1-C920609952EA" controlTypeID="Label" x="0" y="462" w="212" h="39" zOrder="14">
          <states>
            <state propName="Color" stateType="state_mouseOver" isChecked="True" value="4294111986" varType="20"/>
            <state propName="TextColor" stateType="state_mouseOver" isChecked="True" value="4284900966" varType="20"/>
          </states>
          <caption>Label</caption>
          <isAutoSize>False</isAutoSize>
          <font family="Arial" displayName="Arial" postScript="" weightStyle="Regular" weight="400" isBold="False" isItalic="False"/>
          <text>++++++Are+You+a+Music+Artist%3F</text>
          <textColor>4288256409</textColor>
          <textVAlign>VaTop</textVAlign>
          <lineSpacing>0</lineSpacing>
          <selectedIndex>-1</selectedIndex>
        </control>
        <control controlID="83308A09-A91A-4AEA-B7F9-F86FA7B38A4B" controlTypeID="Label" x="0" y="574" w="212" h="39" zOrder="15">
          <states>
            <state propName="Color" stateType="state_mouseOver" isChecked="True" value="4294111986" varType="20"/>
            <state propName="TextColor" stateType="state_mouseOver" isChecked="True" value="4284900966" varType="20"/>
          </states>
          <caption>Label</caption>
          <isAutoSize>False</isAutoSize>
          <links eventType="AtClick" animate="AmNone" animateAutoDelay="0" animateDuration="500">
            <link targetPageID="B48598CB-B4FC-4B6F-8299-E42E80FB4864" linkType="ltPageLink" isApplyIncludePage="False" title="Privacy+Policy">
              <area shape="0" alt="" ID="{24412493-F7CA-4C14-85AB-CD46757E8F1A}" coords="(0,0,212,39)"/>
            </link>
          </links>
          <font family="Arial" displayName="Arial" postScript="" weightStyle="Regular" weight="400" isBold="False" isItalic="False"/>
          <text>++++++Privacy+Policy</text>
          <textColor>4288256409</textColor>
          <textVAlign>VaTop</textVAlign>
          <lineSpacing>0</lineSpacing>
          <selectedIndex>-1</selectedIndex>
        </control>
        <control controlID="737F5D05-101C-4DFF-AD32-7C1B26AB483E" controlTypeID="Line" x="1" y="136" w="210" h="1" zOrder="16">
          <caption>Line</caption>
          <color>4291611852</color>
          <font family="Arial" displayName="Arial" postScript="" weightStyle="Regular" weight="400" isBold="False" isItalic="False"/>
          <textSize>14</textSize>
          <lineSpacing>0</lineSpacing>
          <selectedIndex>-1</selectedIndex>
          <controlPoint>(105,0)</controlPoint>
          <startPoint>(0,0)</startPoint>
          <endPoint>(210,0)</endPoint>
        </control>
        <control controlID="097CBCC2-714D-4495-AA83-7930F30D6701" controlTypeID="Label" x="25" y="654" w="70" h="17" zOrder="17">
          <caption>Label</caption>
          <font family="Arial" displayName="Arial" postScript="" weightStyle="Regular" weight="400" isBold="False" isItalic="False"/>
          <text>Follow+Us%3A</text>
          <textVAlign>VaTop</textVAlign>
          <lineSpacing>0</lineSpacing>
          <selectedIndex>-1</selectedIndex>
        </control>
        <control controlID="763087E8-A1DC-41C2-9F6D-5CD3ED524B07" controlTypeID="IconButton2" x="99" y="648" w="28" h="28" zOrder="18">
          <caption>Icon+Button</caption>
          <groupChildrenDescriptors>
            <control controlID="5166E7F5-ED6B-4DA6-B92D-ADC479BAA2F7" controlTypeID="Shape" x="0" y="0" w="28" h="28" zOrder="0">
              <caption>Shape</caption>
              <color>4284900966</color>
              <borderVisible>False</borderVisible>
              <canMove>False</canMove>
              <alias>shape</alias>
              <font family="Arial" displayName="Arial" postScript="" weightStyle="Regular" weight="400" isBold="False" isItalic="False"/>
              <textSize>14</textSize>
              <selectedIndex>-1</selectedIndex>
              <shapeBorderType>SbEllipse</shapeBorderType>
            </control>
            <control controlID="24081C6B-570E-41A3-A712-A8C61E52D4B2" controlTypeID="Icon" x="5" y="5" w="18" h="18" zOrder="1">
              <caption>Icon</caption>
              <color>4294967295</color>
              <canMove>False</canMove>
              <alias>icon</alias>
              <icon>
                <ID/>
                <iconFontName>jdIonicons</iconFontName>
                <iconCode>62001</iconCode>
              </icon>
              <URL>29F37D064345EFF092FDE43A909201C4.svg</URL>
            </control>
            <control controlID="86C374D3-E3E6-43F2-B6A2-5627346DBCE8" controlTypeID="Label" x="0" y="0" w="39" h="17" zOrder="2">
              <caption>Label</caption>
              <canMove>False</canMove>
              <alias>label</alias>
              <font family="Arial" displayName="Arial" postScript="" weightStyle="Regular" weight="400" isBold="False" isItalic="False"/>
              <text>Label</text>
              <textVAlign>VaTop</textVAlign>
              <lineSpacing>0</lineSpacing>
              <selectedIndex>-1</selectedIndex>
            </control>
            <control controlID="E0C94AC5-36F5-42D0-A40D-F050438F57A4" controlTypeID="Shape" x="15" y="0" w="13" h="12" zOrder="3">
              <caption>Shape</caption>
              <color>4294901760</color>
              <borderVisible>False</borderVisible>
              <canMove>False</canMove>
              <alias>alarm</alias>
              <font family="Arial" displayName="Arial" postScript="" weightStyle="Regular" weight="400" isBold="False" isItalic="False"/>
              <text>2</text>
              <textColor>4294967295</textColor>
              <textSize>7</textSize>
              <selectedIndex>-1</selectedIndex>
              <radius>100</radius>
              <radiusIsPercent>True</radiusIsPercent>
            </control>
          </groupChildrenDescriptors>
          <iconSize>18</iconSize>
        </control>
        <control controlID="2B625228-2B8D-47E1-A199-98ADB4334341" controlTypeID="IconButton2" x="135" y="648" w="28" h="28" zOrder="19">
          <caption>Icon+Button</caption>
          <groupChildrenDescriptors>
            <control controlID="34B77F44-BD85-4C12-BBF7-6FBAD179FE3C" controlTypeID="Shape" x="0" y="0" w="28" h="28" zOrder="0">
              <caption>Shape</caption>
              <color>4288256409</color>
              <borderVisible>False</borderVisible>
              <canMove>False</canMove>
              <alias>shape</alias>
              <font family="Arial" displayName="Arial" postScript="" weightStyle="Regular" weight="400" isBold="False" isItalic="False"/>
              <textSize>14</textSize>
              <selectedIndex>-1</selectedIndex>
              <shapeBorderType>SbEllipse</shapeBorderType>
            </control>
            <control controlID="16A5124D-14E1-494B-BFA0-FFB16B80BC0B" controlTypeID="Icon" x="5" y="5" w="18" h="18" zOrder="1">
              <caption>Icon</caption>
              <color>4294967295</color>
              <canMove>False</canMove>
              <alias>icon</alias>
              <icon>
                <ID/>
                <iconFontName>jdIonicons</iconFontName>
                <iconCode>62019</iconCode>
              </icon>
              <URL>6E397F998770B38A343BB5B849DF19E9.svg</URL>
            </control>
            <control controlID="21BC7C89-7542-44FE-902E-1BE703CA52B0" controlTypeID="Label" x="0" y="0" w="39" h="17" zOrder="2">
              <caption>Label</caption>
              <canMove>False</canMove>
              <alias>label</alias>
              <font family="Arial" displayName="Arial" postScript="" weightStyle="Regular" weight="400" isBold="False" isItalic="False"/>
              <text>Label</text>
              <textVAlign>VaTop</textVAlign>
              <lineSpacing>0</lineSpacing>
              <selectedIndex>-1</selectedIndex>
            </control>
            <control controlID="9DBF0F83-89DB-4479-B5F9-E9C6F41250AF" controlTypeID="Shape" x="15" y="0" w="13" h="12" zOrder="3">
              <caption>Shape</caption>
              <color>4294901760</color>
              <borderVisible>False</borderVisible>
              <canMove>False</canMove>
              <alias>alarm</alias>
              <font family="Arial" displayName="Arial" postScript="" weightStyle="Regular" weight="400" isBold="False" isItalic="False"/>
              <text>2</text>
              <textColor>4294967295</textColor>
              <textSize>7</textSize>
              <selectedIndex>-1</selectedIndex>
              <radius>100</radius>
              <radiusIsPercent>True</radiusIsPercent>
            </control>
          </groupChildrenDescriptors>
          <iconSize>18</iconSize>
        </control>
        <control controlID="08E31108-B698-457E-8F05-1250F998BE27" controlTypeID="TextArea" x="5" y="704" w="197" h="72" zOrder="20">
          <caption>Text+Area</caption>
          <borderColor>4282664004</borderColor>
          <font family="Arial" displayName="Arial" postScript="" weightStyle="Regular" weight="400" isBold="False" isItalic="False"/>
          <text>+SoStereo%2C+2016+%2F+All+rights+reserved+%0D%0A0.1.3</text>
          <textColor>4288256409</textColor>
          <textSize>12</textSize>
          <textAlign>HaCenter</textAlign>
          <useDefaultTextSize>False</useDefaultTextSize>
          <selectedIndex>-1</selectedIndex>
        </control>
        <control controlID="1609B541-6061-4767-B7BB-17DEC53BE565" controlTypeID="Border" x="0" y="0" w="212" h="1100" zOrder="21">
          <borderVisible>False</borderVisible>
          <alias>borderLayer</alias>
        </control>
      </groupChildrenDescriptors>
      <thinkness>1</thinkness>
    </control>
    <control controlID="40F0E12E-AF00-424F-BD8B-4EACB27C4134" controlTypeID="PopupPanel" x="1154" y="34" w="46" h="46" zOrder="6">
      <caption>Login</caption>
      <groupChildrenDescriptors>
        <control controlID="4100BDD4-005F-4E8B-8B10-F662C3CA265A" controlTypeID="Panel" x="0" y="0" w="1920" h="1080" zOrder="0">
          <caption>Panel</caption>
          <locked>True</locked>
          <color>1879048192</color>
          <borderVisible>False</borderVisible>
          <canMove>False</canMove>
          <alias>background</alias>
          <groupChildrenDescriptors>
            <control controlID="05FF93EC-7D17-45BF-B0F7-D6CFFF0F51AD" controlTypeID="Border" x="0" y="0" w="1920" h="1080" zOrder="0">
              <borderVisible>False</borderVisible>
              <alias>borderLayer</alias>
            </control>
          </groupChildrenDescriptors>
          <thinkness>1</thinkness>
        </control>
        <control controlID="26FA4C49-54EF-4400-AF10-322C3FC86D79" controlTypeID="PopupPanelContent" x="556" y="43" w="487" h="353" zOrder="1">
          <caption>Unknown...</caption>
          <color>16777215</color>
          <alias>content</alias>
          <groupChildrenDescriptors>
            <control controlID="3AC3CA87-2E6C-4385-9FFA-F2688404727F" controlTypeID="Shape" x="0" y="0" w="487" h="353" zOrder="0">
              <caption>Shape</caption>
              <borderColor>4294967295</borderColor>
              <borderVisible>False</borderVisible>
              <font family="Arial" displayName="Arial" postScript="" weightStyle="Regular" weight="400" isBold="False" isItalic="False"/>
              <textSize>14</textSize>
              <selectedIndex>-1</selectedIndex>
              <radius>8</radius>
            </control>
            <control controlID="8210DF51-D3EB-4795-B4AE-42F9AC1545CA" controlTypeID="Label" x="26" y="22" w="81" h="28" zOrder="1">
              <caption>Label</caption>
              <font family="Arial" displayName="Arial" postScript="" weightStyle="Regular" weight="400" isBold="False" isItalic="False"/>
              <text>LOGIN</text>
              <textColor>4288256409</textColor>
              <textSize>24</textSize>
              <textVAlign>VaTop</textVAlign>
              <lineSpacing>0</lineSpacing>
              <useDefaultTextSize>False</useDefaultTextSize>
              <selectedIndex>-1</selectedIndex>
            </control>
            <control controlID="87DFD851-50E1-4218-AFA1-EC9D2CDA3DD1" controlTypeID="Label" x="26" y="79" w="125" h="17" zOrder="2">
              <caption>Label</caption>
              <font family="Arial" displayName="Arial" postScript="" weightStyle="Regular" weight="400" isBold="False" isItalic="False"/>
              <text>Email+or+Username</text>
              <textColor>4281545523</textColor>
              <textVAlign>VaTop</textVAlign>
              <lineSpacing>0</lineSpacing>
              <selectedIndex>-1</selectedIndex>
            </control>
            <control controlID="1B7F85DF-0817-4B9B-A0D0-E50FED84BBE7" controlTypeID="Label" x="26" y="170" w="66" h="17" zOrder="3">
              <caption>Label</caption>
              <font family="Arial" displayName="Arial" postScript="" weightStyle="Regular" weight="400" isBold="False" isItalic="False"/>
              <text>Password</text>
              <textColor>4281545523</textColor>
              <textVAlign>VaTop</textVAlign>
              <lineSpacing>0</lineSpacing>
              <selectedIndex>-1</selectedIndex>
            </control>
            <control controlID="006BB9C8-549B-40E7-96B5-0E2CE3262F15" controlTypeID="Label" x="26" y="261" w="148" h="17" zOrder="4">
              <states>
                <state propName="TextColor" stateType="state_mouseOver" isChecked="True" value="4281545523" varType="20"/>
              </states>
              <caption>Label</caption>
              <font family="Arial" displayName="Arial" postScript="" weightStyle="Regular" weight="400" isBold="False" isItalic="False"/>
              <text>Forgot+your+password%3F</text>
              <textColor>4288256409</textColor>
              <textVAlign>VaTop</textVAlign>
              <lineSpacing>0</lineSpacing>
              <selectedIndex>-1</selectedIndex>
            </control>
            <control controlID="CD727A3F-5429-46EF-84A2-916E4599C558" controlTypeID="TextInput" x="26" y="106" w="432" h="36" zOrder="5">
              <caption>Text+Input</caption>
              <borderColor>4291611852</borderColor>
              <font family="Arial" displayName="Arial" postScript="" weightStyle="Regular" weight="400" isBold="False" isItalic="False"/>
              <text>Enter+your+Email+or+Username</text>
              <textColor>4288256409</textColor>
              <lineSpacing>0</lineSpacing>
              <selectedIndex>-1</selectedIndex>
            </control>
            <control controlID="DCFA7D2C-47F1-4B9D-9E20-BA716348D170" controlTypeID="TextInput" x="26" y="197" w="432" h="36" zOrder="6">
              <caption>Text+Input</caption>
              <borderColor>4291611852</borderColor>
              <font family="Arial" displayName="Arial" postScript="" weightStyle="Regular" weight="400" isBold="False" isItalic="False"/>
              <text>Password</text>
              <textColor>4288256409</textColor>
              <lineSpacing>0</lineSpacing>
              <selectedIndex>-1</selectedIndex>
            </control>
            <control controlID="580631EE-CB6E-4AD1-A2EC-5B73397E06A5" controlTypeID="Button" x="187" y="297" w="114" h="33" zOrder="7">
              <states>
                <state propName="Color" stateType="state_mouseOver" isChecked="True" value="4284900966" varType="20"/>
              </states>
              <caption>Button</caption>
              <color>4288256409</color>
              <borderVisible>False</borderVisible>
              <interactiveData>
                <entry title="">
                  <area shape="0" alt="" ID="{7ABFB348-BA56-4A5B-93B2-9A381B668F83}" coords="(0,0,114,33)"/>
                  <events title="">
                    <event eventType="atClick" isChecked="True">
                      <behaviour title="" isChecked="True" isWait="False" isLoop="False" execMode="emParallel">
                        <target targetID="40F0E12E-AF00-424F-BD8B-4EACB27C4134" isChecked="True" isAutoRecovery="False" isLoop="False" execMode="emSequence">
                          <command name="Popup State Change" isChecked="True" descrition="">
                            <param name="AniInterpolation" value="0" varType="3" description=""/>
                            <param name="AniDuration" value="200" varType="3" description=""/>
                            <param name="AniAutoReverse" value="False" varType="11" description=""/>
                            <param name="AniLoop" value="False" varType="11" description=""/>
                            <param name="AniInterpolationTypeOut" value="False" varType="11" description=""/>
                            <param name="Delay" value="0" varType="3" description=""/>
                            <param name="Value" value="2" varType="3" description=""/>
                            <param name="AniType" value="0" varType="3" description=""/>
                          </command>
                        </target>
                      </behaviour>
                    </event>
                  </events>
                </entry>
              </interactiveData>
              <font family="Arial" displayName="Arial" postScript="" weightStyle="Regular" weight="400" isBold="False" isItalic="False"/>
              <text>Submit</text>
              <textColor>4294967295</textColor>
              <lineSpacing>0</lineSpacing>
              <selectedIndex>-1</selectedIndex>
              <radius>4</radius>
            </control>
            <control controlID="F695DB08-190D-43B8-A4A8-0BEF05D3176A" controlTypeID="Icon" x="434" y="24" w="24" h="24" zOrder="8">
              <caption>Icon</caption>
              <color>4288256409</color>
              <interactiveData>
                <entry title="">
                  <area shape="0" alt="" ID="{CBCAF7AD-6E80-4FCC-B94B-11F1F478C157}" coords="(0,0,24,24)"/>
                  <events title="">
                    <event eventType="atClick" isChecked="True">
                      <behaviour title="" isChecked="True" isWait="False" isLoop="False" execMode="emParallel">
                        <target targetID="40F0E12E-AF00-424F-BD8B-4EACB27C4134" isChecked="True" isAutoRecovery="False" isLoop="False" execMode="emSequence">
                          <command name="Popup State Change" isChecked="True" descrition="">
                            <param name="AniInterpolation" value="0" varType="3" description=""/>
                            <param name="AniDuration" value="200" varType="3" description=""/>
                            <param name="AniAutoReverse" value="False" varType="11" description=""/>
                            <param name="AniLoop" value="False" varType="11" description=""/>
                            <param name="AniInterpolationTypeOut" value="False" varType="11" description=""/>
                            <param name="Delay" value="0" varType="3" description=""/>
                            <param name="Value" value="2" varType="3" description=""/>
                            <param name="AniType" value="0" varType="3" description=""/>
                          </command>
                        </target>
                      </behaviour>
                    </event>
                  </events>
                </entry>
              </interactiveData>
              <icon>
                <ID/>
                <iconFontName>jdIonicons</iconFontName>
                <iconCode>62470</iconCode>
              </icon>
              <URL>AD5D5C6B9A9D967AD8052E59BDDD96E1.svg</URL>
            </control>
          </groupChildrenDescriptors>
        </control>
      </groupChildrenDescriptors>
      <isShowBackground>True</isShowBackground>
    </control>
    <control controlID="6326EF70-3160-44E2-A725-84F4D7109005" controlTypeID="PopupPanel" x="1238" y="34" w="46" h="46" zOrder="7">
      <caption>Sign+Up</caption>
      <groupChildrenDescriptors>
        <control controlID="1BC0BEAC-F64E-4CCC-B722-4AF37640A6AA" controlTypeID="Panel" x="0" y="0" w="1920" h="1080" zOrder="0">
          <caption>Panel</caption>
          <locked>True</locked>
          <color>1879048192</color>
          <borderVisible>False</borderVisible>
          <canMove>False</canMove>
          <alias>background</alias>
          <groupChildrenDescriptors>
            <control controlID="6A60A0FE-348C-41E6-8518-5B21FBA6A354" controlTypeID="Border" x="0" y="0" w="1920" h="1080" zOrder="0">
              <borderVisible>False</borderVisible>
              <alias>borderLayer</alias>
            </control>
          </groupChildrenDescriptors>
          <thinkness>1</thinkness>
        </control>
        <control controlID="6D63F542-99D3-42A6-B772-9919A982B21E" controlTypeID="PopupPanelContent" x="576" y="42" w="446" h="586" zOrder="1">
          <caption>Unknown...</caption>
          <color>16777215</color>
          <alias>content</alias>
          <groupChildrenDescriptors>
            <control controlID="E51FE34A-1148-49A1-BD0A-52B8019A0CB7" controlTypeID="Shape" x="0" y="0" w="446" h="586" zOrder="0">
              <caption>Shape</caption>
              <borderColor>4294967295</borderColor>
              <borderVisible>False</borderVisible>
              <font family="Arial" displayName="Arial" postScript="" weightStyle="Regular" weight="400" isBold="False" isItalic="False"/>
              <textSize>14</textSize>
              <selectedIndex>-1</selectedIndex>
              <radius>8</radius>
            </control>
            <control controlID="8E459F0C-34C6-4ADD-9CDE-A90607AEE4DD" controlTypeID="Label" x="27" y="23" w="106" h="28" zOrder="1">
              <caption>Label</caption>
              <font family="Arial" displayName="Arial" postScript="" weightStyle="Regular" weight="400" isBold="False" isItalic="False"/>
              <text>SIGN+UP</text>
              <textColor>4288256409</textColor>
              <textSize>24</textSize>
              <textVAlign>VaTop</textVAlign>
              <lineSpacing>0</lineSpacing>
              <useDefaultTextSize>False</useDefaultTextSize>
              <selectedIndex>-1</selectedIndex>
            </control>
            <control controlID="D78B0DFA-8657-43D5-93C5-A055BD7A7B22" controlTypeID="Label" x="27" y="100" w="77" h="17" zOrder="2">
              <caption>Label</caption>
              <font family="Arial" displayName="Arial" postScript="" weightStyle="Regular" weight="400" isBold="False" isItalic="False"/>
              <text>First+Name%3A</text>
              <textColor>4281545523</textColor>
              <textVAlign>VaTop</textVAlign>
              <lineSpacing>0</lineSpacing>
              <selectedIndex>-1</selectedIndex>
            </control>
            <control controlID="F5B88DFB-FBBA-4358-83A1-6D5538A1491E" controlTypeID="Label" x="27" y="51" w="256" h="17" zOrder="3">
              <caption>Label</caption>
              <font family="Arial" displayName="Arial" postScript="" weightStyle="Regular" weight="400" isBold="False" isItalic="False"/>
              <text>Completely+free.+No+credit+card+required.</text>
              <textColor>4281545523</textColor>
              <textVAlign>VaTop</textVAlign>
              <lineSpacing>0</lineSpacing>
              <selectedIndex>-1</selectedIndex>
            </control>
            <control controlID="2E0F7DEF-C376-4859-A524-7B93BE85102E" controlTypeID="Label" x="27" y="181" w="76" h="17" zOrder="4">
              <caption>Label</caption>
              <font family="Arial" displayName="Arial" postScript="" weightStyle="Regular" weight="400" isBold="False" isItalic="False"/>
              <text>Last+Name%3A</text>
              <textColor>4281545523</textColor>
              <textVAlign>VaTop</textVAlign>
              <lineSpacing>0</lineSpacing>
              <selectedIndex>-1</selectedIndex>
            </control>
            <control controlID="CE0A7DDD-B3F8-458C-9018-C9B7E94BCB48" controlTypeID="Label" x="28" y="265" w="43" h="17" zOrder="5">
              <caption>Label</caption>
              <font family="Arial" displayName="Arial" postScript="" weightStyle="Regular" weight="400" isBold="False" isItalic="False"/>
              <text>Email%3A</text>
              <textColor>4281545523</textColor>
              <textVAlign>VaTop</textVAlign>
              <lineSpacing>0</lineSpacing>
              <selectedIndex>-1</selectedIndex>
            </control>
            <control controlID="E00FB7B5-41E3-4727-871A-8075C18641D5" controlTypeID="Label" x="28" y="344" w="66" h="17" zOrder="6">
              <caption>Label</caption>
              <font family="Arial" displayName="Arial" postScript="" weightStyle="Regular" weight="400" isBold="False" isItalic="False"/>
              <text>Password</text>
              <textColor>4281545523</textColor>
              <textVAlign>VaTop</textVAlign>
              <lineSpacing>0</lineSpacing>
              <selectedIndex>-1</selectedIndex>
            </control>
            <control controlID="08ECAE6A-44D5-4EBD-AD55-896B4433BACA" controlTypeID="Label" x="114" y="511" w="222" h="17" zOrder="7">
              <caption>Label</caption>
              <font family="Arial" displayName="Arial" postScript="" weightStyle="Regular" weight="400" isBold="False" isItalic="False"/>
              <text>Are+you+an+Artist+or+represent+one%3F</text>
              <textColor>4281545523</textColor>
              <textVAlign>VaTop</textVAlign>
              <lineSpacing>0</lineSpacing>
              <selectedIndex>-1</selectedIndex>
            </control>
            <control controlID="6BB77D92-99BE-48FC-8270-FC6379A62A0F" controlTypeID="Label" x="160" y="533" w="131" h="17" zOrder="8">
              <states>
                <state propName="TextColor" stateType="state_mouseOver" isChecked="True" value="4281545523" varType="20"/>
              </states>
              <caption>Label</caption>
              <font family="Arial" displayName="Arial" postScript="" weightStyle="Regular" weight="400" isBold="False" isItalic="False"/>
              <text>Request+an+Account</text>
              <textColor>4288256409</textColor>
              <textVAlign>VaTop</textVAlign>
              <lineSpacing>0</lineSpacing>
              <selectedIndex>-1</selectedIndex>
            </control>
            <control controlID="7A5EEF36-AB8E-48D3-99C1-3290097E0B1D" controlTypeID="TextInput" x="27" y="127" w="397" h="36" zOrder="9">
              <caption>Text+Input</caption>
              <borderColor>4291611852</borderColor>
              <font family="Arial" displayName="Arial" postScript="" weightStyle="Regular" weight="400" isBold="False" isItalic="False"/>
              <text>Enter+your+First+Name</text>
              <textColor>4288256409</textColor>
              <lineSpacing>0</lineSpacing>
              <selectedIndex>-1</selectedIndex>
            </control>
            <control controlID="6A176877-4F26-40CE-95B0-344AE109A92D" controlTypeID="TextInput" x="27" y="208" w="397" h="36" zOrder="10">
              <caption>Text+Input</caption>
              <borderColor>4291611852</borderColor>
              <font family="Arial" displayName="Arial" postScript="" weightStyle="Regular" weight="400" isBold="False" isItalic="False"/>
              <text>Enter+your+Last+Name</text>
              <textColor>4288256409</textColor>
              <lineSpacing>0</lineSpacing>
              <selectedIndex>-1</selectedIndex>
            </control>
            <control controlID="82D3D9A1-C3EA-4CEB-AE94-3D2E025FF805" controlTypeID="TextInput" x="28" y="292" w="397" h="36" zOrder="11">
              <caption>Text+Input</caption>
              <borderColor>4291611852</borderColor>
              <font family="Arial" displayName="Arial" postScript="" weightStyle="Regular" weight="400" isBold="False" isItalic="False"/>
              <text>Enter+your+Email</text>
              <textColor>4288256409</textColor>
              <lineSpacing>0</lineSpacing>
              <selectedIndex>-1</selectedIndex>
            </control>
            <control controlID="45345DCB-FFFD-40DC-AA16-7C450838F9B9" controlTypeID="TextInput" x="28" y="371" w="397" h="36" zOrder="12">
              <caption>Text+Input</caption>
              <borderColor>4291611852</borderColor>
              <font family="Arial" displayName="Arial" postScript="" weightStyle="Regular" weight="400" isBold="False" isItalic="False"/>
              <text>Password</text>
              <textColor>4288256409</textColor>
              <lineSpacing>0</lineSpacing>
              <selectedIndex>-1</selectedIndex>
            </control>
            <control controlID="1F84C01C-8B8E-446D-94E1-8422919310EE" controlTypeID="Button" x="166" y="438" w="114" h="33" zOrder="13">
              <states>
                <state propName="Color" stateType="state_mouseOver" isChecked="True" value="4284900966" varType="20"/>
              </states>
              <caption>Button</caption>
              <color>4288256409</color>
              <borderVisible>False</borderVisible>
              <interactiveData>
                <entry title="">
                  <area shape="0" alt="" ID="{7ABFB348-BA56-4A5B-93B2-9A381B668F83}" coords="(0,0,114,33)"/>
                  <events title="">
                    <event eventType="atClick" isChecked="True">
                      <behaviour title="" isChecked="True" isWait="False" isLoop="False" execMode="emParallel">
                        <target targetID="6326EF70-3160-44E2-A725-84F4D7109005" isChecked="True" isAutoRecovery="False" isLoop="False" execMode="emSequence">
                          <command name="Popup State Change" isChecked="True" descrition="">
                            <param name="AniInterpolation" value="0" varType="3" description=""/>
                            <param name="AniDuration" value="200" varType="3" description=""/>
                            <param name="AniAutoReverse" value="False" varType="11" description=""/>
                            <param name="AniLoop" value="False" varType="11" description=""/>
                            <param name="AniInterpolationTypeOut" value="False" varType="11" description=""/>
                            <param name="Delay" value="0" varType="3" description=""/>
                            <param name="Value" value="2" varType="3" description=""/>
                            <param name="AniType" value="0" varType="3" description=""/>
                          </command>
                        </target>
                      </behaviour>
                    </event>
                  </events>
                </entry>
              </interactiveData>
              <font family="Arial" displayName="Arial" postScript="" weightStyle="Regular" weight="400" isBold="False" isItalic="False"/>
              <text>Submit</text>
              <textColor>4294967295</textColor>
              <lineSpacing>0</lineSpacing>
              <selectedIndex>-1</selectedIndex>
              <radius>4</radius>
            </control>
            <control controlID="39237DE5-788A-4E07-90B9-1602F73688A8" controlTypeID="Icon" x="401" y="25" w="24" h="24" zOrder="14">
              <caption>Icon</caption>
              <color>4288256409</color>
              <interactiveData>
                <entry title="">
                  <area shape="0" alt="" ID="{CBCAF7AD-6E80-4FCC-B94B-11F1F478C157}" coords="(0,0,24,24)"/>
                  <events title="">
                    <event eventType="atClick" isChecked="True">
                      <behaviour title="" isChecked="True" isWait="False" isLoop="False" execMode="emParallel">
                        <target targetID="6326EF70-3160-44E2-A725-84F4D7109005" isChecked="True" isAutoRecovery="False" isLoop="False" execMode="emSequence">
                          <command name="Popup State Change" isChecked="True" descrition="">
                            <param name="AniInterpolation" value="0" varType="3" description=""/>
                            <param name="AniDuration" value="200" varType="3" description=""/>
                            <param name="AniAutoReverse" value="False" varType="11" description=""/>
                            <param name="AniLoop" value="False" varType="11" description=""/>
                            <param name="AniInterpolationTypeOut" value="False" varType="11" description=""/>
                            <param name="Delay" value="0" varType="3" description=""/>
                            <param name="Value" value="2" varType="3" description=""/>
                            <param name="AniType" value="0" varType="3" description=""/>
                          </command>
                        </target>
                      </behaviour>
                    </event>
                  </events>
                </entry>
              </interactiveData>
              <icon>
                <ID/>
                <iconFontName>jdIonicons</iconFontName>
                <iconCode>62470</iconCode>
              </icon>
              <URL>AD5D5C6B9A9D967AD8052E59BDDD96E1.svg</URL>
            </control>
            <control controlID="81B9CC17-DB72-4268-A1EF-8061C979F13A" controlTypeID="Line" x="27" y="495" w="393" h="1" zOrder="15">
              <caption>Line</caption>
              <color>4291611852</color>
              <font family="Arial" displayName="Arial" postScript="" weightStyle="Regular" weight="400" isBold="False" isItalic="False"/>
              <textSize>14</textSize>
              <lineSpacing>0</lineSpacing>
              <selectedIndex>-1</selectedIndex>
              <controlPoint>(197,0)</controlPoint>
              <startPoint>(1,0)</startPoint>
              <endPoint>(393,0)</endPoint>
            </control>
          </groupChildrenDescriptors>
        </control>
      </groupChildrenDescriptors>
      <isShowBackground>True</isShowBackground>
    </control>
  </controls>
  <param>
    <backgroundColor>4294967295</backgroundColor>
    <fontFamily>Arial</fontFamily>
    <guideLines>
      <guideLine isLocked="False" isHori="True" value="800"/>
      <guideLine isLocked="False" isHori="True" value="99"/>
      <guideLine isLocked="False" isHori="True" value="1632"/>
      <guideLine isLocked="False" isHori="True" value="1856"/>
    </guideLines>
    <fontSize>14</fontSize>
  </param>
</mockup>