﻿<mockup version="5.1" minAllowVersion="5.1" ID="0F3E57B6-E973-47F7-B259-A0C084280F7B" platform="MtWeb" defaultW="1920" defaultH="1080" measureW="1920" measureH="1080" mobileScreenScale="0">
  <controls controlCount="14">
    <control controlID="CED3179D-7328-4591-A3D7-EB5F4DA27D86" controlTypeID="Shape" x="263" y="67" w="604" h="586" zOrder="0">
      <caption>Shape</caption>
      <borderColor>4294967295</borderColor>
      <borderVisible>False</borderVisible>
      <font family="Arial" displayName="Arial" postScript="" weightStyle="Regular" weight="400" isBold="False" isItalic="False"/>
      <textSize>14</textSize>
      <selectedIndex>-1</selectedIndex>
      <radius>8</radius>
    </control>
    <control controlID="4E7A0263-FCEE-4767-AF99-865B1488AB5A" controlTypeID="Shape" x="262" y="63" w="600" h="580" zOrder="1">
      <caption>Shape</caption>
      <borderColor>4294967295</borderColor>
      <borderVisible>False</borderVisible>
      <font family="Arial" displayName="Arial" postScript="" weightStyle="Regular" weight="400" isBold="False" isItalic="False"/>
      <textSize>14</textSize>
      <selectedIndex>-1</selectedIndex>
      <radius>8</radius>
    </control>
    <control controlID="3ED9DA9A-09AF-4C51-B2D0-D139314540FA" controlTypeID="Label" x="522" y="84" w="56" h="31" zOrder="2">
      <caption>Label</caption>
      <font family="Arial" displayName="Arial" postScript="" weightStyle="Regular" weight="400" isBold="False" isItalic="False"/>
      <text>%E6%B3%A8%E5%86%8C</text>
      <textColor>4288256409</textColor>
      <textSize>24</textSize>
      <textVAlign>VaTop</textVAlign>
      <lineSpacing>0</lineSpacing>
      <useDefaultTextSize>False</useDefaultTextSize>
      <selectedIndex>-1</selectedIndex>
    </control>
    <control controlID="377BC8E0-15F9-47C1-9A5B-DB490A23397C" controlTypeID="Label" x="372" y="366" w="131" h="18" zOrder="3">
      <caption>toLogin</caption>
      <font family="Arial" displayName="Arial" postScript="" weightStyle="Regular" weight="400" isBold="False" isItalic="False"/>
      <text>%E5%B7%B2%E6%9C%89%E8%B4%A6%E5%8F%B7%EF%BC%8C%E7%AB%8B%E5%8D%B3%E7%99%BB%E5%BD%95</text>
      <textColor>4281545523</textColor>
      <textVAlign>VaTop</textVAlign>
      <lineSpacing>0</lineSpacing>
      <selectedIndex>-1</selectedIndex>
    </control>
    <control controlID="09D7456A-583F-43D1-A0EA-4159CD5B104F" controlTypeID="TextInput" x="372" y="153" w="397" h="36" zOrder="4">
      <caption>userName</caption>
      <borderColor>4291611852</borderColor>
      <font family="Arial" displayName="Arial" postScript="" weightStyle="Regular" weight="400" isBold="False" isItalic="False"/>
      <text>%E7%94%A8%E6%88%B7%E5%90%8D</text>
      <textColor>4288256409</textColor>
      <lineSpacing>0</lineSpacing>
      <selectedIndex>-1</selectedIndex>
    </control>
    <control controlID="1829467F-07A5-4DDF-AAFD-2C2F93222572" controlTypeID="TextInput" x="372" y="320" w="397" h="36" zOrder="5">
      <caption>Text+Input</caption>
      <borderColor>4291611852</borderColor>
      <font family="Arial" displayName="Arial" postScript="" weightStyle="Regular" weight="400" isBold="False" isItalic="False"/>
      <text>Password</text>
      <textColor>4288256409</textColor>
      <lineSpacing>0</lineSpacing>
      <selectedIndex>-1</selectedIndex>
    </control>
    <control controlID="73CCA6E4-F6D9-466B-8638-359E815E1C28" controlTypeID="Button" x="500" y="412" w="114" h="33" zOrder="6">
      <states>
        <state propName="Color" stateType="state_mouseOver" isChecked="True" value="4284900966" varType="20"/>
      </states>
      <caption>btnSubmit</caption>
      <color>4288256409</color>
      <borderVisible>False</borderVisible>
      <font family="Arial" displayName="Arial" postScript="" weightStyle="Regular" weight="400" isBold="False" isItalic="False"/>
      <text>Submit</text>
      <textColor>4294967295</textColor>
      <lineSpacing>0</lineSpacing>
      <selectedIndex>-1</selectedIndex>
      <radius>4</radius>
    </control>
    <control controlID="595C0E7D-7370-4334-9F50-BB6785BBCDC8" controlTypeID="Line" x="365" y="466" w="393" h="1" zOrder="7">
      <caption>Line</caption>
      <color>4291611852</color>
      <font family="Arial" displayName="Arial" postScript="" weightStyle="Regular" weight="400" isBold="False" isItalic="False"/>
      <textSize>14</textSize>
      <lineSpacing>0</lineSpacing>
      <selectedIndex>-1</selectedIndex>
      <controlPoint>(197,0)</controlPoint>
      <startPoint>(1,0)</startPoint>
      <endPoint>(393,0)</endPoint>
    </control>
    <control controlID="B92DA9CD-02F7-4423-B684-972FD7EE939C" controlTypeID="Icon" x="734" y="159" w="24" h="24" zOrder="8">
      <icon>
        <ID/>
        <iconFontName>jdiconfontB</iconFontName>
        <iconCode>59648</iconCode>
      </icon>
      <URL>42CF9E031360EBC09387427849BF6328.svg</URL>
    </control>
    <control controlID="7C33CE90-DB77-4C1F-B045-AB84F12C614D" controlTypeID="Icon" x="727" y="326" w="24" h="24" zOrder="9">
      <icon>
        <ID/>
        <iconFontName>jdIcoFont</iconFontName>
        <iconCode>59118</iconCode>
      </icon>
      <URL>865FC7F149D2BAEC8F12314313F1531D.svg</URL>
    </control>
    <control controlID="B246BAE2-F017-4FF3-8A31-7F2BFA402E92" controlTypeID="Icon" x="734" y="226" w="24" h="24" zOrder="10">
      <icon>
        <ID/>
        <iconFontName>jdIonicons</iconFontName>
        <iconCode>61946</iconCode>
      </icon>
      <URL>33F273D0CB31498B50681AF77979944C.svg</URL>
    </control>
    <control controlID="A817C661-9CC0-4A0B-9134-9DB55D54EDD8" controlTypeID="TextInput" x="372" y="274" w="186" h="36" zOrder="11">
      <caption>verifycode</caption>
      <borderColor>4291611852</borderColor>
      <font family="Arial" displayName="Arial" postScript="" weightStyle="Regular" weight="400" isBold="False" isItalic="False"/>
      <text>%E9%AA%8C%E8%AF%81%E7%A0%81</text>
      <textColor>4288256409</textColor>
      <lineSpacing>0</lineSpacing>
      <selectedIndex>-1</selectedIndex>
    </control>
    <control controlID="39A11564-1485-4E96-BFA9-A3B78F08BBF4" controlTypeID="Button" x="650" y="276" w="114" h="33" zOrder="12">
      <states>
        <state propName="Color" stateType="state_mouseOver" isChecked="True" value="4284900966" varType="20"/>
      </states>
      <caption>Button</caption>
      <color>4288256409</color>
      <borderVisible>False</borderVisible>
      <font family="Arial" displayName="Arial" postScript="" weightStyle="Regular" weight="400" isBold="False" isItalic="False"/>
      <text>%E5%8F%91%E9%80%81%E9%AA%8C%E8%AF%81%E7%A0%81</text>
      <textColor>4294967295</textColor>
      <lineSpacing>0</lineSpacing>
      <selectedIndex>-1</selectedIndex>
      <radius>4</radius>
    </control>
    <control controlID="6885B865-7C48-442D-8CF5-168A2DACBC61" controlTypeID="TextInput" x="372" y="220" w="397" h="36" zOrder="13">
      <caption>Text+Input</caption>
      <borderColor>4291611852</borderColor>
      <font family="Arial" displayName="Arial" postScript="" weightStyle="Regular" weight="400" isBold="False" isItalic="False"/>
      <text>%E6%89%8B%E6%9C%BA%E5%8F%B7</text>
      <textColor>4288256409</textColor>
      <lineSpacing>0</lineSpacing>
      <selectedIndex>-1</selectedIndex>
    </control>
  </controls>
  <param>
    <backgroundColor>4294967295</backgroundColor>
    <fontSize>14</fontSize>
    <fontFamily>Arial</fontFamily>
    <guideLines/>
  </param>
</mockup>