﻿<mockup version="5.1" minAllowVersion="5.1" ID="1053074A-AD43-4AEC-8B19-80FB3888B88D" platform="MtWeb" defaultW="1366" defaultH="768" measureW="880" measureH="600" mobileScreenScale="0">
  <controls controlCount="38">
    <control controlID="58DFBFBC-AB28-4DA8-BDE0-E02A4A0E8FC3" controlTypeID="Label" x="22" y="27" w="78" h="23" zOrder="0">
      <font family="Arial" displayName="Arial" postScript="" weightStyle="Regular" weight="400" isBold="False" isItalic="False"/>
      <text>%E8%A7%84%E5%88%99%E4%BF%A1%E6%81%AF</text>
      <textSize>18</textSize>
      <lineSpacing>0</lineSpacing>
      <useDefaultTextSize>False</useDefaultTextSize>
      <selectedIndex>-1</selectedIndex>
    </control>
    <control controlID="7FCDC6EC-BE85-4D6E-89E9-85146E598860" controlTypeID="LabelTextInput" x="22" y="103" w="220" h="30" zOrder="1">
      <font family="Arial" displayName="Arial" postScript="" weightStyle="Regular" weight="400" isBold="False" isItalic="False"/>
      <text>%E8%A7%84%E5%88%99%E5%90%8D%E7%A7%B0%2C%E6%B5%8B%E8%AF%95%E8%A7%84%E5%88%99%E5%90%8D%E7%A7%B0</text>
      <textSize>14</textSize>
      <lineSpacing>0</lineSpacing>
      <selectedIndex>-1</selectedIndex>
    </control>
    <control controlID="C1F144B7-854B-4152-9316-FD3E0C2C3EC4" controlTypeID="LabelTextInput" x="22" y="63" w="220" h="30" zOrder="2">
      <font family="Arial" displayName="Arial" postScript="" weightStyle="Regular" weight="400" isBold="False" isItalic="False"/>
      <text>%E8%A7%84%E5%88%99%E7%BC%96%E5%8F%B7%2C%E8%A7%84%E5%88%99%E7%BC%96%E5%8F%B7</text>
      <textSize>14</textSize>
      <lineSpacing>0</lineSpacing>
      <selectedIndex>-1</selectedIndex>
    </control>
    <control controlID="CD39AA8C-5CE2-4E2D-8691-39424A590C59" controlTypeID="CompositeComboBox" x="353" y="101" w="200" h="30" zOrder="3">
      <groupChildrenDescriptors>
        <control controlID="9F05812A-AA7B-4E9D-B749-6D0F88B985DD" controlTypeID="TextInput" x="0" y="0" w="177" h="30" zOrder="0">
          <locked>True</locked>
          <canMove>False</canMove>
          <alias>input</alias>
          <font family="Arial" displayName="Arial" postScript="" weightStyle="Regular" weight="400" isBold="False" isItalic="False" useDefaultFontFamily="False"/>
          <text>%E6%8C%89%E6%AC%A1%E6%94%B6%E8%B4%B9</text>
          <lineSpacing>0</lineSpacing>
          <selectedIndex>-1</selectedIndex>
        </control>
        <control controlID="5B257BCE-878D-4E4F-8360-F3233F9F6464" controlTypeID="Button" x="176" y="0" w="24" h="30" zOrder="1">
          <locked>True</locked>
          <canMove>False</canMove>
          <alias>button</alias>
          <font family="Arial" displayName="Arial" postScript="" weightStyle="Regular" weight="400" isBold="False" isItalic="False"/>
          <lineSpacing>0</lineSpacing>
          <selectedIndex>-1</selectedIndex>
          <radius>0</radius>
        </control>
        <control controlID="7C64C183-69C2-4112-8927-D693CD418636" controlTypeID="List" x="0" y="30" w="200" h="122" zOrder="2">
          <isShow>False</isShow>
          <canMove>False</canMove>
          <alias>dropDown</alias>
          <interactiveData>
            <entry title="%E6%8C%89%E6%AC%A1%E6%94%B6%E8%B4%B9">
              <area shape="0" alt="" ID="{8E46EC97-0BCD-411D-A1BA-C3D24DCD0C74}" coords="(1,1,199,31)"/>
              <events title="">
                <event eventType="atClick" isChecked="True">
                  <behaviour title="" isChecked="True" isWait="False" isLoop="False" execMode="emParallel">
                    <target targetID="05582A79-88ED-4816-A204-35645AF1220F" isChecked="True" isAutoRecovery="False" isLoop="False" execMode="emSequence">
                      <command name="Switch Stack Panel" isChecked="True" descrition="">
                        <param name="AniInterpolation" value="0" varType="3" description=""/>
                        <param name="AniDuration" value="200" varType="3" description=""/>
                        <param name="AniAutoReverse" value="False" varType="11" description=""/>
                        <param name="AniLoop" value="False" varType="11" description=""/>
                        <param name="AniInterpolationTypeOut" value="False" varType="11" description=""/>
                        <param name="Delay" value="0" varType="3" description=""/>
                        <param name="SelecedIndex" value="1" varType="3" description=""/>
                      </command>
                    </target>
                  </behaviour>
                </event>
              </events>
            </entry>
            <entry title="%E6%8C%89%E6%97%B6%E6%94%B6%E8%B4%B9">
              <area shape="0" alt="" ID="{F75FB288-6E85-452B-93D6-2A2EF6E48016}" coords="(1,31,199,61)"/>
              <events title="">
                <event eventType="atClick" isChecked="True">
                  <behaviour title="" isChecked="True" isWait="False" isLoop="False" execMode="emParallel">
                    <target targetID="05582A79-88ED-4816-A204-35645AF1220F" isChecked="True" isAutoRecovery="False" isLoop="False" execMode="emSequence">
                      <command name="Switch Stack Panel" isChecked="True" descrition="">
                        <param name="AniInterpolation" value="0" varType="3" description=""/>
                        <param name="AniDuration" value="200" varType="3" description=""/>
                        <param name="AniAutoReverse" value="False" varType="11" description=""/>
                        <param name="AniLoop" value="False" varType="11" description=""/>
                        <param name="AniInterpolationTypeOut" value="False" varType="11" description=""/>
                        <param name="Delay" value="0" varType="3" description=""/>
                        <param name="SelecedIndex" value="0" varType="3" description=""/>
                      </command>
                    </target>
                  </behaviour>
                </event>
              </events>
            </entry>
            <entry title="%E6%97%A5%E5%A4%9C%E6%97%B6%E5%88%86%E6%94%B6%E8%B4%B9">
              <area shape="0" alt="" ID="{B5FD0404-AE5B-46CC-9BB5-C1EEF3218F0A}" coords="(1,61,199,91)"/>
              <events title="">
                <event eventType="atClick" isChecked="True">
                  <behaviour title="" isChecked="True" isWait="False" isLoop="False" execMode="emParallel">
                    <target targetID="05582A79-88ED-4816-A204-35645AF1220F" isChecked="True" isAutoRecovery="False" isLoop="False" execMode="emSequence">
                      <command name="Switch Stack Panel" isChecked="True" descrition="">
                        <param name="AniInterpolation" value="0" varType="3" description=""/>
                        <param name="AniDuration" value="200" varType="3" description=""/>
                        <param name="AniAutoReverse" value="False" varType="11" description=""/>
                        <param name="AniLoop" value="False" varType="11" description=""/>
                        <param name="AniInterpolationTypeOut" value="False" varType="11" description=""/>
                        <param name="Delay" value="0" varType="3" description=""/>
                        <param name="SelecedIndex" value="2" varType="3" description=""/>
                      </command>
                    </target>
                  </behaviour>
                </event>
              </events>
            </entry>
            <entry title="%E5%85%8D%E8%B4%B9">
              <area shape="0" alt="" ID="{5F3A3E8A-E543-4B0B-87D4-F7C52CECAA7E}" coords="(1,91,199,121)"/>
              <events title=""/>
            </entry>
          </interactiveData>
          <font family="Arial" displayName="Arial" postScript="" weightStyle="Regular" weight="400" isBold="False" isItalic="False" useDefaultFontFamily="False"/>
          <text>%E6%8C%89%E6%AC%A1%E6%94%B6%E8%B4%B9%0D%0A%E6%8C%89%E6%97%B6%E6%94%B6%E8%B4%B9%0D%0A%E6%97%A5%E5%A4%9C%E6%97%B6%E5%88%86%E6%94%B6%E8%B4%B9%0D%0A%E5%85%8D%E8%B4%B9</text>
          <textSize>14</textSize>
          <lineSpacing>0</lineSpacing>
          <itemHeight>30</itemHeight>
          <interlaceColor>4294967295</interlaceColor>
        </control>
      </groupChildrenDescriptors>
      <baseHeight>30</baseHeight>
      <font family="Arial"/>
      <textSize>14</textSize>
    </control>
    <control controlID="225C00D6-F892-40CC-9BF7-AB74840C4717" controlTypeID="VRule" x="10" y="20" w="12" h="37" zOrder="4"/>
    <control controlID="0481F83D-E53B-48E4-BD0B-DC1D6C759899" controlTypeID="CompositeComboBox" x="658" y="104" w="155" h="30" zOrder="5">
      <groupChildrenDescriptors>
        <control controlID="7815BC48-7FB6-4C3B-8EDF-C070C656DB25" controlTypeID="TextInput" x="0" y="0" w="132" h="30" zOrder="0">
          <locked>True</locked>
          <canMove>False</canMove>
          <alias>input</alias>
          <font family="Arial" displayName="Arial" postScript="" weightStyle="Regular" weight="400" isBold="False" isItalic="False" useDefaultFontFamily="False"/>
          <text>%E4%B8%80%E7%BA%A7%E5%81%9C%E8%BD%A6%E5%9C%BA</text>
          <lineSpacing>0</lineSpacing>
          <selectedIndex>-1</selectedIndex>
        </control>
        <control controlID="AA44DC2C-A322-49D0-9FDE-9746CBE9C099" controlTypeID="Button" x="131" y="0" w="24" h="30" zOrder="1">
          <locked>True</locked>
          <canMove>False</canMove>
          <alias>button</alias>
          <font family="Arial" displayName="Arial" postScript="" weightStyle="Regular" weight="400" isBold="False" isItalic="False"/>
          <lineSpacing>0</lineSpacing>
          <selectedIndex>-1</selectedIndex>
          <radius>0</radius>
        </control>
        <control controlID="82468C0A-F6A7-4728-AD16-10DEF4EABE36" controlTypeID="List" x="0" y="30" w="155" h="98" zOrder="2">
          <isShow>False</isShow>
          <canMove>False</canMove>
          <alias>dropDown</alias>
          <font family="Arial" displayName="Arial" postScript="" weightStyle="Regular" weight="400" isBold="False" isItalic="False" useDefaultFontFamily="False"/>
          <text>%E4%B8%80%E7%BA%A7%E5%81%9C%E8%BD%A6%E5%9C%BA%0D%0A%E4%BA%8C%E7%BA%A7%E5%81%9C%E8%BD%A6%E5%9C%BA%0D%0A%E4%B8%89%E7%BA%A7%E5%81%9C%E8%BD%A6%E5%9C%BA%0D%0A%E5%9B%9B%E7%BA%A7%E5%81%9C%E8%BD%A6%E5%9C%BA</text>
          <textSize>14</textSize>
          <lineSpacing>0</lineSpacing>
          <itemHeight>30</itemHeight>
          <interlaceColor>4294967295</interlaceColor>
        </control>
      </groupChildrenDescriptors>
      <baseHeight>30</baseHeight>
      <font family="Arial"/>
      <textSize>14</textSize>
    </control>
    <control controlID="4A813F1E-AA63-4DB3-A36B-96C12C02D9D6" controlTypeID="Label" x="292" y="106" w="61" h="18" zOrder="6">
      <font family="Arial" displayName="Arial" postScript="" weightStyle="Regular" weight="400" isBold="False" isItalic="False"/>
      <text>%E8%A7%84%E5%88%99%E7%B1%BB%E5%9E%8B</text>
      <lineSpacing>0</lineSpacing>
      <selectedIndex>-1</selectedIndex>
    </control>
    <control controlID="0B2CA634-4BF7-4D73-970D-FB0CE0D343BD" controlTypeID="Label" x="573" y="104" w="75" h="18" zOrder="7">
      <font family="Arial" displayName="Arial" postScript="" weightStyle="Regular" weight="400" isBold="False" isItalic="False"/>
      <text>%E5%81%9C%E8%BD%A6%E5%9C%BA%E7%AD%89%E7%BA%A7</text>
      <lineSpacing>0</lineSpacing>
      <selectedIndex>-1</selectedIndex>
    </control>
    <control controlID="304E9349-9E16-4DF6-B8E3-EF005ADE82A8" controlTypeID="CompositeComboBox" x="83" y="155" w="166" h="30" zOrder="8">
      <groupChildrenDescriptors>
        <control controlID="9CA62A33-2E0B-44A0-8980-E5E3619FAEB6" controlTypeID="TextInput" x="0" y="0" w="143" h="30" zOrder="0">
          <locked>True</locked>
          <canMove>False</canMove>
          <alias>input</alias>
          <font family="Arial" displayName="Arial" postScript="" weightStyle="Regular" weight="400" isBold="False" isItalic="False" useDefaultFontFamily="False"/>
          <text>%E5%B0%8F%E5%9E%8B%E8%BD%A6</text>
          <lineSpacing>0</lineSpacing>
          <selectedIndex>-1</selectedIndex>
        </control>
        <control controlID="20659A55-851D-46FD-8A54-75F4783D2EBD" controlTypeID="Button" x="142" y="0" w="24" h="30" zOrder="1">
          <locked>True</locked>
          <canMove>False</canMove>
          <alias>button</alias>
          <font family="Arial" displayName="Arial" postScript="" weightStyle="Regular" weight="400" isBold="False" isItalic="False"/>
          <lineSpacing>0</lineSpacing>
          <selectedIndex>-1</selectedIndex>
          <radius>0</radius>
        </control>
        <control controlID="F76DCA91-5C37-419C-9DDE-41263BE06174" controlTypeID="List" x="0" y="30" w="166" h="74" zOrder="2">
          <isShow>False</isShow>
          <canMove>False</canMove>
          <alias>dropDown</alias>
          <font family="Arial" displayName="Arial" postScript="" weightStyle="Regular" weight="400" isBold="False" isItalic="False" useDefaultFontFamily="False"/>
          <text>%E5%B0%8F%E5%9E%8B%E8%BD%A6%0D%0A%E5%A4%A7%E5%9E%8B%E8%BD%A6%0D%0A%E5%85%B6%E4%BB%96%0D%0A</text>
          <textSize>14</textSize>
          <lineSpacing>0</lineSpacing>
          <itemHeight>30</itemHeight>
          <interlaceColor>4294967295</interlaceColor>
        </control>
      </groupChildrenDescriptors>
      <baseHeight>30</baseHeight>
      <font family="Arial"/>
      <textSize>14</textSize>
    </control>
    <control controlID="34B97D09-3871-4598-B936-10BB36369B17" controlTypeID="Label" x="22" y="158" w="61" h="18" zOrder="9">
      <font family="Arial" displayName="Arial" postScript="" weightStyle="Regular" weight="400" isBold="False" isItalic="False"/>
      <text>%E8%BD%A6%E8%BE%86%E7%B1%BB%E5%9E%8B</text>
      <lineSpacing>0</lineSpacing>
      <selectedIndex>-1</selectedIndex>
    </control>
    <control controlID="61E67E65-BDF3-42DE-B27C-59495913B02E" controlTypeID="CompositeComboBox" x="362" y="158" w="200" h="30" zOrder="10">
      <groupChildrenDescriptors>
        <control controlID="ABC3EEDF-3412-4FE7-B907-8B1B587D44BB" controlTypeID="TextInput" x="0" y="0" w="177" h="30" zOrder="0">
          <locked>True</locked>
          <canMove>False</canMove>
          <alias>input</alias>
          <font family="Arial" displayName="Arial" postScript="" weightStyle="Regular" weight="400" isBold="False" isItalic="False" useDefaultFontFamily="False"/>
          <text>%E6%9D%A1%E7%9B%AE%E4%B8%80</text>
          <lineSpacing>0</lineSpacing>
          <selectedIndex>-1</selectedIndex>
        </control>
        <control controlID="022C3A94-569B-4F1D-8DBF-E61C26722D8C" controlTypeID="Button" x="176" y="0" w="24" h="30" zOrder="1">
          <locked>True</locked>
          <canMove>False</canMove>
          <alias>button</alias>
          <font family="Arial" displayName="Arial" postScript="" weightStyle="Regular" weight="400" isBold="False" isItalic="False"/>
          <lineSpacing>0</lineSpacing>
          <selectedIndex>-1</selectedIndex>
          <radius>0</radius>
        </control>
        <control controlID="1DE1C9F9-6B5F-4923-8EDC-55483A4C41B1" controlTypeID="List" x="0" y="30" w="200" h="122" zOrder="2">
          <isShow>False</isShow>
          <canMove>False</canMove>
          <alias>dropDown</alias>
          <font family="Arial" displayName="Arial" postScript="" weightStyle="Regular" weight="400" isBold="False" isItalic="False" useDefaultFontFamily="False"/>
          <text>%E6%9D%A1%E7%9B%AE%E4%B8%80%0D%0A%E6%9D%A1%E7%9B%AE%E4%BA%8C%0D%0A%E6%9D%A1%E7%9B%AE%E4%B8%89%0D%0A%E6%9D%A1%E7%9B%AE%E5%9B%9B</text>
          <textSize>14</textSize>
          <lineSpacing>0</lineSpacing>
          <itemHeight>30</itemHeight>
          <interlaceColor>4294967295</interlaceColor>
        </control>
      </groupChildrenDescriptors>
      <baseHeight>30</baseHeight>
      <font family="Arial"/>
      <textSize>14</textSize>
    </control>
    <control controlID="B6F1E491-CA15-4D28-A09B-2D5AD243B88A" controlTypeID="Label" x="291" y="161" w="61" h="18" zOrder="11">
      <font family="Arial" displayName="Arial" postScript="" weightStyle="Regular" weight="400" isBold="False" isItalic="False"/>
      <text>%E8%BD%A6%E7%89%8C%E7%B1%BB%E5%9E%8B</text>
      <lineSpacing>0</lineSpacing>
      <selectedIndex>-1</selectedIndex>
    </control>
    <control controlID="FB87E553-872E-4E3C-A2CA-A310A85CC281" controlTypeID="CompositeComboBox" x="665" y="155" w="200" h="30" zOrder="12">
      <groupChildrenDescriptors>
        <control controlID="F313DC7E-B178-451C-9571-6E9B98B3B1C3" controlTypeID="TextInput" x="0" y="0" w="177" h="30" zOrder="0">
          <locked>True</locked>
          <canMove>False</canMove>
          <alias>input</alias>
          <font family="Arial" displayName="Arial" postScript="" weightStyle="Regular" weight="400" isBold="False" isItalic="False" useDefaultFontFamily="False"/>
          <text>%E5%8F%8C%E4%BC%91%E6%97%A5</text>
          <lineSpacing>0</lineSpacing>
          <selectedIndex>-1</selectedIndex>
        </control>
        <control controlID="ED656BE1-17D5-4783-AAD2-27BF9EB0D87B" controlTypeID="Button" x="176" y="0" w="24" h="30" zOrder="1">
          <locked>True</locked>
          <canMove>False</canMove>
          <alias>button</alias>
          <font family="Arial" displayName="Arial" postScript="" weightStyle="Regular" weight="400" isBold="False" isItalic="False"/>
          <lineSpacing>0</lineSpacing>
          <selectedIndex>-1</selectedIndex>
          <radius>0</radius>
        </control>
        <control controlID="59E2BAAF-3E34-47A2-A58B-DCA92B5E3665" controlTypeID="List" x="0" y="30" w="200" h="92" zOrder="2">
          <isShow>False</isShow>
          <canMove>False</canMove>
          <alias>dropDown</alias>
          <font family="Arial" displayName="Arial" postScript="" weightStyle="Regular" weight="400" isBold="False" isItalic="False" useDefaultFontFamily="False"/>
          <text>%E5%8F%8C%E4%BC%91%E6%97%A5%0D%0A%E9%95%BF%E5%81%87%0D%0A%E5%B0%8F%E9%95%BF%E5%81%87</text>
          <textSize>14</textSize>
          <lineSpacing>0</lineSpacing>
          <itemHeight>30</itemHeight>
          <interlaceColor>4294967295</interlaceColor>
        </control>
      </groupChildrenDescriptors>
      <baseHeight>30</baseHeight>
      <font family="Arial"/>
      <textSize>14</textSize>
    </control>
    <control controlID="143D2DE4-AB6A-4EAF-A4D7-0DD8BD046C6E" controlTypeID="Label" x="572" y="161" w="61" h="18" zOrder="13">
      <font family="Arial" displayName="Arial" postScript="" weightStyle="Regular" weight="400" isBold="False" isItalic="False"/>
      <text>%E5%81%87%E6%9C%9F%E7%B1%BB%E5%9E%8B</text>
      <lineSpacing>0</lineSpacing>
      <selectedIndex>-1</selectedIndex>
    </control>
    <control controlID="05582A79-88ED-4816-A204-35645AF1220F" controlTypeID="ContentPanel" x="22" y="195" w="823" h="306" zOrder="14">
      <groupChildrenDescriptors>
        <control controlID="A9B95E8E-211A-4740-85F3-DDE152F2B62E" controlTypeID="ScrollArea" x="0" y="0" w="823" h="306" zOrder="0">
          <caption>%E6%8C%89%E6%97%B6%E6%94%B6%E8%B4%B9%E8%A7%84%E5%88%99%E8%AF%A6%E6%83%85</caption>
          <canMove>False</canMove>
          <alias>%E6%8C%89%E6%97%B6%E6%94%B6%E8%B4%B9%E8%A7%84%E5%88%99%E8%AF%A6%E6%83%85</alias>
          <groupChildrenDescriptors>
            <control controlID="6253CE5A-1D7A-4851-8150-A1B11CE8B7FB" controlTypeID="ScrollViewPort" x="0" y="0" w="300" h="300" zOrder="0">
              <caption>ScrollViewPort</caption>
              <alias>viewPort</alias>
              <links eventType="AtClick" animate="AmNone" animateAutoDelay="0" animateDuration="500">
                <link targetPageID="85050708-944A-4589-87A4-3C81DF902E75" linkType="ltIncludePage" isApplyIncludePage="True" title="%E9%93%BE%E6%8E%A5">
                  <area shape="0" alt="" ID="{4C71138F-8835-4BF4-BFA7-7109051652C5}" coords="(0,0,300,300)"/>
                </link>
              </links>
            </control>
          </groupChildrenDescriptors>
        </control>
        <control controlID="4B6D6A8A-AD5E-4418-8FE9-17FF1A2C3E93" controlTypeID="ScrollArea" x="0" y="0" w="823" h="306" zOrder="1">
          <caption>%E6%8C%89%E6%AC%A1%E6%94%B6%E8%B4%B9%E8%A7%84%E5%88%99%E8%AF%A6%E6%83%85</caption>
          <canMove>False</canMove>
          <alias>%E6%8C%89%E6%AC%A1%E6%94%B6%E8%B4%B9%E8%A7%84%E5%88%99%E8%AF%A6%E6%83%85</alias>
          <groupChildrenDescriptors>
            <control controlID="1B2C7A92-888B-40A2-8DF6-4DD9516E57A3" controlTypeID="ScrollViewPort" x="0" y="0" w="300" h="300" zOrder="0">
              <caption>ScrollViewPort</caption>
              <alias>viewPort</alias>
              <links eventType="AtClick" animate="AmNone" animateAutoDelay="0" animateDuration="500">
                <link targetPageID="50E4020F-474E-4BC6-A7DC-A58B5F4FCBD2" linkType="ltIncludePage" isApplyIncludePage="True" title="%E9%93%BE%E6%8E%A5">
                  <area shape="0" alt="" ID="{A75A8930-5C29-42A4-A007-92DF222E82FF}" coords="(0,0,300,300)"/>
                </link>
              </links>
            </control>
          </groupChildrenDescriptors>
        </control>
        <control controlID="1F8E573B-F155-427D-979A-40FAE1811833" controlTypeID="ScrollArea" x="0" y="0" w="823" h="306" zOrder="2">
          <caption>%E6%97%A5%E5%A4%9C%E6%97%B6%E5%88%86%E8%AE%A1%E8%B4%B9</caption>
          <canMove>False</canMove>
          <alias>%E6%97%A5%E5%A4%9C%E6%97%B6%E5%88%86%E8%AE%A1%E8%B4%B9</alias>
          <groupChildrenDescriptors>
            <control controlID="1835684A-6DF6-49ED-85AF-85D5EB36948F" controlTypeID="ScrollViewPort" x="0" y="0" w="300" h="300" zOrder="0">
              <caption>ScrollViewPort</caption>
              <alias>viewPort</alias>
              <links eventType="AtClick" animate="AmNone" animateAutoDelay="0" animateDuration="500">
                <link targetPageID="5D206FE0-B8BE-400A-A6AB-9116853469CB" linkType="ltIncludePage" isApplyIncludePage="True" title="%E9%93%BE%E6%8E%A5">
                  <area shape="0" alt="" ID="{159CE8B1-D056-4E00-8438-51A80B5DFF63}" coords="(0,0,300,300)"/>
                </link>
              </links>
            </control>
          </groupChildrenDescriptors>
        </control>
        <control controlID="DB038298-3343-45DC-8EE5-EE74FB6E6B91" controlTypeID="ScrollArea" x="0" y="0" w="823" h="306" zOrder="3">
          <caption>%E5%85%8D%E8%B4%B9</caption>
          <canMove>False</canMove>
          <alias>%E5%85%8D%E8%B4%B9</alias>
          <groupChildrenDescriptors>
            <control controlID="30E6A445-94E0-4EE7-83AB-7AA6988053E2" controlTypeID="ScrollViewPort" x="0" y="0" w="300" h="300" zOrder="0">
              <caption>ScrollViewPort</caption>
              <alias>viewPort</alias>
              <links eventType="AtClick" animate="AmNone" animateAutoDelay="0" animateDuration="500">
                <link targetPageID="16496297-5F20-4AAF-92C0-B22226FD9A29" linkType="ltIncludePage" isApplyIncludePage="True" title="%E9%93%BE%E6%8E%A5">
                  <area shape="0" alt="" ID="{F8392CE3-A272-48B8-AB4A-8F70D6EC5B45}" coords="(0,0,300,300)"/>
                </link>
              </links>
            </control>
          </groupChildrenDescriptors>
        </control>
      </groupChildrenDescriptors>
      <selectedIndex>3</selectedIndex>
      <canHoriScroll>True</canHoriScroll>
    </control>
  </controls>
  <param>
    <backgroundColor>4291611852</backgroundColor>
    <fontSize>14</fontSize>
    <fontFamily>Arial</fontFamily>
    <guideLines/>
  </param>
</mockup>