﻿<mockup version="5.1" minAllowVersion="5.1" ID="16496297-5F20-4AAF-92C0-B22226FD9A29" platform="MtWeb" defaultW="1366" defaultH="768" measureW="1366" measureH="768" mobileScreenScale="0">
  <controls controlCount="2">
    <control controlID="D7FF9C5C-26EC-41DC-AA44-28BA79B7E7C4" controlTypeID="TextArea" x="71" y="0" w="493" h="74" zOrder="0">
      <font family="Arial" displayName="Arial" postScript="" weightStyle="Regular" weight="400" isBold="False" isItalic="False"/>
      <text>%E8%A7%84%E5%88%99%E6%8F%8F%E8%BF%B0******P*UWLIURWLUFI</text>
      <selectedIndex>-1</selectedIndex>
    </control>
    <control controlID="D7845641-E08F-4C37-A639-3191A3DBD745" controlTypeID="Label" x="0" y="0" w="61" h="18" zOrder="1">
      <font family="Arial" displayName="Arial" postScript="" weightStyle="Regular" weight="400" isBold="False" isItalic="False"/>
      <text>%E8%A7%84%E5%88%99%E6%8F%8F%E8%BF%B0</text>
      <lineSpacing>0</lineSpacing>
      <selectedIndex>-1</selectedIndex>
    </control>
  </controls>
  <param>
    <backgroundColor>4294967295</backgroundColor>
    <fontSize>14</fontSize>
    <fontFamily>Arial</fontFamily>
    <guideLines/>
  </param>
</mockup>