﻿<mockup version="5.1" platform="MtWeb" defaultW="1366" defaultH="768" from="FmLocal" minAllowVersion="5.1" ID="3829284F-4AE5-4F68-A2CF-C25FEC48553E" measureW="1366" measureH="768" mobileScreenScale="0">
  <controls controlCount="60">
    <control controlID="2F969367-0FA6-46A5-9172-DACAF01AA2DA" controlTypeID="Line" x="15" y="9" w="1577" h="1063" zOrder="0">
      <caption>Line</caption>
      <color>4288256409</color>
      <font family="Arial" displayName="Arial" postScript="" weightStyle="Regular" weight="400" isBold="False" isItalic="False"/>
      <textSize>14</textSize>
      <lineSpacing>0</lineSpacing>
      <selectedIndex>-1</selectedIndex>
      <controlPoint>(789,532)</controlPoint>
      <startPoint>(1,1)</startPoint>
      <endPoint>(1577,1063)</endPoint>
    </control>
    <control controlID="0704F400-59A8-44A4-BCB9-4AFDE3D1BBEC" controlTypeID="Line" x="8" y="12" w="1582" h="1065" zOrder="1">
      <caption>Line</caption>
      <color>4288256409</color>
      <font family="Arial" displayName="Arial" postScript="" weightStyle="Regular" weight="400" isBold="False" isItalic="False"/>
      <textSize>14</textSize>
      <lineSpacing>0</lineSpacing>
      <selectedIndex>-1</selectedIndex>
      <controlPoint>(791,532)</controlPoint>
      <startPoint>(1582,0)</startPoint>
      <endPoint>(0,1065)</endPoint>
    </control>
    <control controlID="4FF6BC28-1FA9-49F0-BD94-0EB26715B9B7" controlTypeID="Image" x="100" y="32" w="42" h="42" zOrder="2">
      <caption>Image</caption>
      <URL>3333DA8E5F542C12BB919E4D883E59ED.png</URL>
      <showText>False</showText>
    </control>
    <control controlID="2576B17B-20F0-456D-AA61-DE6F69E95DE3" controlTypeID="Icon" x="170" y="41" w="24" h="24" zOrder="3">
      <caption>Icon</caption>
      <color>4294967295</color>
      <interactiveData>
        <entry title="">
          <area shape="0" alt="" ID="{76C07941-7BEE-4F69-8EBC-AF54E60735F7}" coords="(0,0,24,24)"/>
          <events title="">
            <event eventType="atClick" isChecked="True">
              <behaviour title="" isChecked="True" isWait="False" isLoop="False" execMode="emParallel">
                <target targetID="BEBD893A-0781-4CBB-9378-A9314399FDD7" isChecked="True" isAutoRecovery="False" isLoop="False" execMode="emSequence">
                  <command name="Change Visibility" isChecked="True" descrition="">
                    <param name="AniInterpolation" value="1" varType="3" description=""/>
                    <param name="AniDuration" value="200" varType="3" description=""/>
                    <param name="AniAutoReverse" value="False" varType="11" description=""/>
                    <param name="AniLoop" value="False" varType="11" description=""/>
                    <param name="AniInterpolationTypeOut" value="False" varType="11" description=""/>
                    <param name="Delay" value="0" varType="3" description=""/>
                    <param name="ValueFromCurrent" value="True" varType="11" description=""/>
                    <param name="ForceFromInitValue" value="False" varType="11" description=""/>
                    <param name="ForceSetVisible" value="False" varType="11" description=""/>
                    <param name="Value" value="0" varType="3" description=""/>
                    <param name="TerminateLoopByClick" value="True" varType="11" description=""/>
                  </command>
                  <command name="Move" isChecked="True" descrition="">
                    <param name="AniInterpolation" value="1" varType="3" description=""/>
                    <param name="AniDuration" value="200" varType="3" description=""/>
                    <param name="AniAutoReverse" value="False" varType="11" description=""/>
                    <param name="AniLoop" value="False" varType="11" description=""/>
                    <param name="AniInterpolationTypeOut" value="False" varType="11" description=""/>
                    <param name="Delay" value="0" varType="3" description=""/>
                    <param name="MoveMode" value="1" varType="3" description=""/>
                    <param name="ValueFromCurrent" value="True" varType="11" description=""/>
                    <param name="FromX" value="0" varType="3" description=""/>
                    <param name="FromY" value="0" varType="3" description=""/>
                    <param name="ToX" value="0" varType="3" description=""/>
                    <param name="ToY" value="0" varType="3" description=""/>
                    <param name="ByX" value="200" varType="3" description=""/>
                    <param name="ByY" value="0" varType="3" description=""/>
                    <param name="TerminateLoopByClick" value="True" varType="11" description=""/>
                    <param name="MovePlaceVert" value="3" varType="3" description=""/>
                    <param name="MovePlaceHori" value="1" varType="3" description=""/>
                  </command>
                </target>
              </behaviour>
            </event>
          </events>
        </entry>
      </interactiveData>
      <icon>
        <ID/>
        <iconFontName>jdIonicons</iconFontName>
        <iconCode>61965</iconCode>
      </icon>
      <URL>D9CE39CAA2C488188BF922BD18FCD68B.svg</URL>
    </control>
    <control controlID="038AF262-3645-4906-84C4-3438C4CCF3B5" controlTypeID="Icon" x="67" y="1016" w="26" h="26" zOrder="4">
      <caption>Icon</caption>
      <color>4288256409</color>
      <interactiveData>
        <entry title="">
          <area shape="0" alt="" ID="{6D03E746-BD9B-42E0-89D3-C6EE51C87221}" coords="(0,0,26,26)"/>
          <events title="">
            <event eventType="atClick" isChecked="True">
              <behaviour title="" isChecked="True" isWait="False" isLoop="False" execMode="emParallel">
                <target targetID="59366037-6229-478A-B6C5-4F169876BD65" isChecked="True" isAutoRecovery="False" isLoop="False" execMode="emSequence">
                  <command name="Change Visibility" isChecked="True" descrition="">
                    <param name="AniInterpolation" value="1" varType="3" description=""/>
                    <param name="AniDuration" value="200" varType="3" description=""/>
                    <param name="AniAutoReverse" value="False" varType="11" description=""/>
                    <param name="AniLoop" value="False" varType="11" description=""/>
                    <param name="AniInterpolationTypeOut" value="False" varType="11" description=""/>
                    <param name="Delay" value="0" varType="3" description=""/>
                    <param name="ValueFromCurrent" value="True" varType="11" description=""/>
                    <param name="ForceFromInitValue" value="False" varType="11" description=""/>
                    <param name="ForceSetVisible" value="False" varType="11" description=""/>
                    <param name="Value" value="0" varType="3" description=""/>
                    <param name="TerminateLoopByClick" value="True" varType="11" description=""/>
                  </command>
                </target>
                <target targetID="038AF262-3645-4906-84C4-3438C4CCF3B5" IsNeedReplaceAsSelfID="True" isChecked="True" isAutoRecovery="False" isLoop="False" execMode="emSequence">
                  <command name="Change Visibility" isChecked="True" descrition="">
                    <param name="AniInterpolation" value="1" varType="3" description=""/>
                    <param name="AniDuration" value="200" varType="3" description=""/>
                    <param name="AniAutoReverse" value="False" varType="11" description=""/>
                    <param name="AniLoop" value="False" varType="11" description=""/>
                    <param name="AniInterpolationTypeOut" value="False" varType="11" description=""/>
                    <param name="Delay" value="0" varType="3" description=""/>
                    <param name="ValueFromCurrent" value="True" varType="11" description=""/>
                    <param name="ForceFromInitValue" value="False" varType="11" description=""/>
                    <param name="ForceSetVisible" value="False" varType="11" description=""/>
                    <param name="Value" value="1" varType="3" description=""/>
                    <param name="TerminateLoopByClick" value="True" varType="11" description=""/>
                  </command>
                </target>
                <target targetID="C0422455-F70C-4089-BE2B-8384CA74E2A0" isChecked="True" isAutoRecovery="False" isLoop="False" execMode="emSequence">
                  <command name="Resize" isChecked="True" descrition="">
                    <param name="AniInterpolation" value="1" varType="3" description=""/>
                    <param name="AniDuration" value="50000" varType="4" description=""/>
                    <param name="AniAutoReverse" value="False" varType="11" description=""/>
                    <param name="AniLoop" value="False" varType="11" description=""/>
                    <param name="AniInterpolationTypeOut" value="False" varType="11" description=""/>
                    <param name="Delay" value="0" varType="3" description=""/>
                    <param name="ValueFromCurrent" value="True" varType="11" description=""/>
                    <param name="ResizeDirection" value="5" varType="3" description=""/>
                    <param name="ValueMode" value="0" varType="3" description=""/>
                    <param name="ResizeType" value="0" varType="3" description=""/>
                    <param name="FromWidth" value="0" varType="3" description=""/>
                    <param name="FromHeight" value="0" varType="3" description=""/>
                    <param name="ToWidth" value="1410" varType="4" description=""/>
                    <param name="ToHeight" value="0" varType="3" description=""/>
                    <param name="ToX" value="0" varType="3" description=""/>
                    <param name="ToY" value="0" varType="3" description=""/>
                    <param name="TerminateLoopByClick" value="True" varType="11" description=""/>
                  </command>
                </target>
              </behaviour>
            </event>
          </events>
        </entry>
      </interactiveData>
      <icon>
        <ID/>
        <iconFontName>jdIonicons</iconFontName>
        <iconCode>62306</iconCode>
      </icon>
      <URL>9DDACFA1CF56DBAEDCDB44BD9EE77A8A.svg</URL>
    </control>
    <control controlID="59366037-6229-478A-B6C5-4F169876BD65" controlTypeID="Icon" x="67" y="1016" w="26" h="26" zOrder="5">
      <isShow>False</isShow>
      <caption>Icon</caption>
      <color>4288256409</color>
      <icon>
        <ID/>
        <iconFontName>jdFontAwesome</iconFontName>
        <iconCode>62091</iconCode>
      </icon>
      <URL>C0B1B100D13FB6A01DC426B3BFE308AD.svg</URL>
    </control>
    <control controlID="689EB6C5-588C-4E1C-B39B-1CF465929048" controlTypeID="Label" x="167" y="1058" w="79" h="17" zOrder="6">
      <caption>Label</caption>
      <font family="Arial" displayName="Arial" postScript="" weightStyle="Regular" weight="400" isBold="False" isItalic="False"/>
      <text>00%3A05%2F04%3A30</text>
      <textColor>4294967295</textColor>
      <textVAlign>VaTop</textVAlign>
      <lineSpacing>0</lineSpacing>
      <selectedIndex>-1</selectedIndex>
    </control>
    <control controlID="D95793DC-EC7A-489F-921B-0BE69D95037E" controlTypeID="Label" x="52" y="558" w="81" h="19" zOrder="7">
      <caption>Label</caption>
      <font family="Arial" displayName="Arial" postScript="" weightStyle="Regular" weight="400" isBold="False" isItalic="False"/>
      <text>12+Songs+%7C</text>
      <textColor>4294967295</textColor>
      <textSize>16</textSize>
      <textVAlign>VaTop</textVAlign>
      <lineSpacing>0</lineSpacing>
      <useDefaultTextSize>False</useDefaultTextSize>
      <selectedIndex>-1</selectedIndex>
    </control>
    <control controlID="F5D6A2A1-FC17-4D23-9B19-DA6570E75D48" controlTypeID="IconLabel2" x="52" y="642" w="148" h="21" zOrder="8">
      <caption>Icon+and+Label</caption>
      <groupChildrenDescriptors>
        <control controlID="5253815A-9780-411F-B977-FAD013908250" controlTypeID="Shape" x="128" y="0" w="20" h="20" zOrder="0">
          <caption>Shape</caption>
          <canMove>False</canMove>
          <alias>shape</alias>
          <font family="Arial" displayName="Arial" postScript="" weightStyle="Regular" weight="400" isBold="False" isItalic="False"/>
          <textSize>14</textSize>
          <selectedIndex>-1</selectedIndex>
        </control>
        <control controlID="942324BE-D1CB-4739-8D6E-B7A7A17731F0" controlTypeID="Icon" x="128" y="0" w="20" h="20" zOrder="1">
          <caption>Icon</caption>
          <color>4288256409</color>
          <canMove>False</canMove>
          <alias>icon</alias>
          <icon>
            <ID/>
            <iconFontName>jdIonicons</iconFontName>
            <iconCode>61733</iconCode>
          </icon>
          <URL>2D780716D3D89B2EFB0155599BA0A89F.svg</URL>
        </control>
        <control controlID="8C5FEEEC-A6F8-41A9-9C3A-CBA9B2B49889" controlTypeID="Label" x="0" y="2" w="124" h="17" zOrder="2">
          <caption>Label</caption>
          <canMove>False</canMove>
          <alias>label</alias>
          <font family="Arial" displayName="Arial+Bold" postScript="" weightStyle="Bold" weight="700" isBold="True" isItalic="False"/>
          <text>By+Captain+Planet</text>
          <textColor>4288256409</textColor>
          <textVAlign>VaTop</textVAlign>
          <lineSpacing>0</lineSpacing>
          <textStyles>[fsBold]</textStyles>
          <selectedIndex>-1</selectedIndex>
        </control>
        <control controlID="FDD5DFFB-6A68-4B48-AB5B-7F467666B3A8" controlTypeID="Shape" x="135" y="0" w="13" h="12" zOrder="3">
          <caption>Shape</caption>
          <color>4294901760</color>
          <borderVisible>False</borderVisible>
          <canMove>False</canMove>
          <alias>alarm</alias>
          <font family="Arial" displayName="Arial" postScript="" weightStyle="Regular" weight="400" isBold="False" isItalic="False"/>
          <text>2</text>
          <textColor>4294967295</textColor>
          <textSize>7</textSize>
          <selectedIndex>-1</selectedIndex>
          <radius>100</radius>
          <radiusIsPercent>True</radiusIsPercent>
        </control>
      </groupChildrenDescriptors>
      <textDirection>MiTextLeft</textDirection>
      <iconSize>20</iconSize>
    </control>
    <control controlID="A88D3806-6E79-4FB1-8116-1733938E4AEB" controlTypeID="IconButton2" x="59" y="692" w="28" h="28" zOrder="9">
      <caption>Icon+Button</caption>
      <groupChildrenDescriptors>
        <control controlID="EA414279-C11D-4928-873C-348D02E8CE33" controlTypeID="Shape" x="0" y="0" w="28" h="28" zOrder="0">
          <caption>Shape</caption>
          <borderVisible>False</borderVisible>
          <canMove>False</canMove>
          <alias>shape</alias>
          <font family="Arial" displayName="Arial" postScript="" weightStyle="Regular" weight="400" isBold="False" isItalic="False"/>
          <textSize>14</textSize>
          <selectedIndex>-1</selectedIndex>
          <shapeBorderType>SbEllipse</shapeBorderType>
        </control>
        <control controlID="B78CCF59-A5F3-4EFA-B419-44D12ADC7E15" controlTypeID="Icon" x="5" y="5" w="18" h="18" zOrder="1">
          <caption>Icon</caption>
          <color>4281545523</color>
          <canMove>False</canMove>
          <alias>icon</alias>
          <icon>
            <ID/>
            <iconFontName>jdIonicons</iconFontName>
            <iconCode>61761</iconCode>
          </icon>
          <URL>06367B6C3188786DED2BADC6C7AAF8F4.svg</URL>
        </control>
        <control controlID="CF1C17F7-A6A4-4306-B314-62EDB6AF277B" controlTypeID="Label" x="0" y="0" w="39" h="17" zOrder="2">
          <caption>Label</caption>
          <canMove>False</canMove>
          <alias>label</alias>
          <font family="Arial" displayName="Arial" postScript="" weightStyle="Regular" weight="400" isBold="False" isItalic="False"/>
          <text>Label</text>
          <textVAlign>VaTop</textVAlign>
          <lineSpacing>0</lineSpacing>
          <selectedIndex>-1</selectedIndex>
        </control>
        <control controlID="039A8054-A617-4A15-A1D0-B13B60BBA48C" controlTypeID="Shape" x="15" y="0" w="13" h="12" zOrder="3">
          <caption>Shape</caption>
          <color>4294901760</color>
          <borderVisible>False</borderVisible>
          <canMove>False</canMove>
          <alias>alarm</alias>
          <font family="Arial" displayName="Arial" postScript="" weightStyle="Regular" weight="400" isBold="False" isItalic="False"/>
          <text>2</text>
          <textColor>4294967295</textColor>
          <textSize>7</textSize>
          <selectedIndex>-1</selectedIndex>
          <radius>100</radius>
          <radiusIsPercent>True</radiusIsPercent>
        </control>
      </groupChildrenDescriptors>
      <iconSize>18</iconSize>
    </control>
    <control controlID="1A89678C-AC3B-41CB-8861-EDC60C38D59A" controlTypeID="IconButton2" x="108" y="692" w="28" h="28" zOrder="10">
      <caption>Icon+Button</caption>
      <groupChildrenDescriptors>
        <control controlID="03751DEB-33C2-4253-926C-C1D9E1AE6084" controlTypeID="Shape" x="0" y="0" w="28" h="28" zOrder="0">
          <caption>Shape</caption>
          <borderVisible>False</borderVisible>
          <canMove>False</canMove>
          <alias>shape</alias>
          <font family="Arial" displayName="Arial" postScript="" weightStyle="Regular" weight="400" isBold="False" isItalic="False"/>
          <textSize>14</textSize>
          <selectedIndex>-1</selectedIndex>
          <shapeBorderType>SbEllipse</shapeBorderType>
        </control>
        <control controlID="5D6A6FC7-0154-4718-A0C8-A0A4FF7AF24D" controlTypeID="Icon" x="5" y="5" w="18" h="18" zOrder="1">
          <caption>Icon</caption>
          <color>4281545523</color>
          <canMove>False</canMove>
          <alias>icon</alias>
          <icon>
            <ID/>
            <iconFontName>jdIcoFont</iconFontName>
            <iconCode>58893</iconCode>
          </icon>
          <URL>643399502F4A768B9C36424C2FD37F95.svg</URL>
        </control>
        <control controlID="B967C71C-B532-4E53-AA8E-02CC69649D51" controlTypeID="Label" x="0" y="0" w="39" h="17" zOrder="2">
          <caption>Label</caption>
          <canMove>False</canMove>
          <alias>label</alias>
          <font family="Arial" displayName="Arial" postScript="" weightStyle="Regular" weight="400" isBold="False" isItalic="False"/>
          <text>Label</text>
          <textVAlign>VaTop</textVAlign>
          <lineSpacing>0</lineSpacing>
          <selectedIndex>-1</selectedIndex>
        </control>
        <control controlID="AE4ABD18-AF0A-4EC5-B089-1376DC5A8ECB" controlTypeID="Shape" x="15" y="0" w="13" h="12" zOrder="3">
          <caption>Shape</caption>
          <color>4294901760</color>
          <borderVisible>False</borderVisible>
          <canMove>False</canMove>
          <alias>alarm</alias>
          <font family="Arial" displayName="Arial" postScript="" weightStyle="Regular" weight="400" isBold="False" isItalic="False"/>
          <text>2</text>
          <textColor>4294967295</textColor>
          <textSize>7</textSize>
          <selectedIndex>-1</selectedIndex>
          <radius>100</radius>
          <radiusIsPercent>True</radiusIsPercent>
        </control>
      </groupChildrenDescriptors>
      <iconSize>18</iconSize>
    </control>
    <control controlID="A6117685-A764-4673-88A7-16906BAB7CF7" controlTypeID="IconButton2" x="154" y="692" w="28" h="28" zOrder="11">
      <caption>Icon+Button</caption>
      <groupChildrenDescriptors>
        <control controlID="B3BCC8E8-15EE-478A-B8BF-C4E85D2942D4" controlTypeID="Shape" x="0" y="0" w="28" h="28" zOrder="0">
          <caption>Shape</caption>
          <borderVisible>False</borderVisible>
          <canMove>False</canMove>
          <alias>shape</alias>
          <font family="Arial" displayName="Arial" postScript="" weightStyle="Regular" weight="400" isBold="False" isItalic="False"/>
          <textSize>14</textSize>
          <selectedIndex>-1</selectedIndex>
          <shapeBorderType>SbEllipse</shapeBorderType>
        </control>
        <control controlID="477C264A-49D7-4056-A581-02BDB8989496" controlTypeID="Icon" x="5" y="5" w="18" h="18" zOrder="1">
          <caption>Icon</caption>
          <color>4281545523</color>
          <canMove>False</canMove>
          <alias>icon</alias>
          <icon>
            <ID/>
            <iconFontName>jdIonicons</iconFontName>
            <iconCode>61770</iconCode>
          </icon>
          <URL>E947C879EC890A4D8A01AA1BC7455199.svg</URL>
        </control>
        <control controlID="5BA99DAD-4DB5-4D22-A9B4-484166E51267" controlTypeID="Label" x="0" y="0" w="39" h="17" zOrder="2">
          <caption>Label</caption>
          <canMove>False</canMove>
          <alias>label</alias>
          <font family="Arial" displayName="Arial" postScript="" weightStyle="Regular" weight="400" isBold="False" isItalic="False"/>
          <text>Label</text>
          <textVAlign>VaTop</textVAlign>
          <lineSpacing>0</lineSpacing>
          <selectedIndex>-1</selectedIndex>
        </control>
        <control controlID="C8220C99-9D9F-4430-B90A-F31E2A23FD47" controlTypeID="Shape" x="15" y="0" w="13" h="12" zOrder="3">
          <caption>Shape</caption>
          <color>4294901760</color>
          <borderVisible>False</borderVisible>
          <canMove>False</canMove>
          <alias>alarm</alias>
          <font family="Arial" displayName="Arial" postScript="" weightStyle="Regular" weight="400" isBold="False" isItalic="False"/>
          <text>2</text>
          <textColor>4294967295</textColor>
          <textSize>7</textSize>
          <selectedIndex>-1</selectedIndex>
          <radius>100</radius>
          <radiusIsPercent>True</radiusIsPercent>
        </control>
      </groupChildrenDescriptors>
      <iconSize>18</iconSize>
    </control>
    <control controlID="C0422455-F70C-4089-BE2B-8384CA74E2A0" controlTypeID="Shape" x="170" y="997" w="20" h="51" zOrder="12">
      <caption>Shape</caption>
      <color>4284900966</color>
      <borderVisible>False</borderVisible>
      <font family="Arial" displayName="Arial" postScript="" weightStyle="Regular" weight="400" isBold="False" isItalic="False"/>
      <textSize>14</textSize>
      <selectedIndex>-1</selectedIndex>
    </control>
    <control controlID="BEBD893A-0781-4CBB-9378-A9314399FDD7" controlTypeID="Panel" x="-10" y="0" w="212" h="1100" zOrder="13">
      <isShow>False</isShow>
      <caption>Panel</caption>
      <borderVisible>False</borderVisible>
      <groupChildrenDescriptors>
        <control controlID="BE74AC2B-38F1-41D7-9D41-176CB885394D" controlTypeID="Image" x="64" y="20" w="85" h="85" zOrder="0">
          <caption>Image</caption>
          <URL>47CB31C0EF769FA48F2B81C2C8C79C8E.png</URL>
          <showText>False</showText>
        </control>
        <control controlID="7E33F9E9-E222-4FF9-B27E-F4A42F9969D4" controlTypeID="Icon" x="168" y="50" w="24" h="24" zOrder="1">
          <caption>Icon</caption>
          <color>4288256409</color>
          <interactiveData>
            <entry title="">
              <area shape="0" alt="" ID="{5810FB32-C187-45D1-A369-54D8224A0D59}" coords="(0,0,60,60)"/>
              <events title="">
                <event eventType="atClick" isChecked="True">
                  <behaviour title="" isChecked="True" isWait="False" isLoop="False" execMode="emParallel">
                    <target targetID="BEBD893A-0781-4CBB-9378-A9314399FDD7" isChecked="True" isAutoRecovery="False" isLoop="False" execMode="emParallel">
                      <command name="Change Visibility" isChecked="True" descrition="">
                        <param name="AniInterpolation" value="1" varType="3" description=""/>
                        <param name="AniDuration" value="200" varType="3" description=""/>
                        <param name="AniAutoReverse" value="False" varType="11" description=""/>
                        <param name="AniLoop" value="False" varType="11" description=""/>
                        <param name="AniInterpolationTypeOut" value="False" varType="11" description=""/>
                        <param name="Delay" value="0" varType="3" description=""/>
                        <param name="ValueFromCurrent" value="True" varType="11" description=""/>
                        <param name="ForceFromInitValue" value="False" varType="11" description=""/>
                        <param name="ForceSetVisible" value="False" varType="11" description=""/>
                        <param name="Value" value="1" varType="3" description=""/>
                        <param name="TerminateLoopByClick" value="True" varType="11" description=""/>
                      </command>
                      <command name="Move" isChecked="True" descrition="">
                        <param name="AniInterpolation" value="1" varType="3" description=""/>
                        <param name="AniDuration" value="200" varType="3" description=""/>
                        <param name="AniAutoReverse" value="False" varType="11" description=""/>
                        <param name="AniLoop" value="False" varType="11" description=""/>
                        <param name="AniInterpolationTypeOut" value="False" varType="11" description=""/>
                        <param name="Delay" value="0" varType="3" description=""/>
                        <param name="MoveMode" value="0" varType="3" description=""/>
                        <param name="ValueFromCurrent" value="True" varType="11" description=""/>
                        <param name="FromX" value="0" varType="3" description=""/>
                        <param name="FromY" value="0" varType="3" description=""/>
                        <param name="ToX" value="0" varType="3" description=""/>
                        <param name="ToY" value="0" varType="3" description=""/>
                        <param name="ByX" value="-200" varType="256" description=""/>
                        <param name="ByY" value="0" varType="3" description=""/>
                        <param name="TerminateLoopByClick" value="True" varType="11" description=""/>
                        <param name="MovePlaceVert" value="3" varType="3" description=""/>
                        <param name="MovePlaceHori" value="1" varType="3" description=""/>
                      </command>
                    </target>
                  </behaviour>
                </event>
              </events>
            </entry>
          </interactiveData>
          <icon>
            <ID/>
            <iconFontName>jdIonicons</iconFontName>
            <iconCode>62470</iconCode>
          </icon>
          <URL>AD5D5C6B9A9D967AD8052E59BDDD96E1.svg</URL>
        </control>
        <control controlID="572EBEAC-F21F-4F8C-8344-12337AA6C529" controlTypeID="Line" x="1" y="406" w="210" h="1" zOrder="2">
          <caption>Line</caption>
          <color>4291611852</color>
          <font family="Arial" displayName="Arial" postScript="" weightStyle="Regular" weight="400" isBold="False" isItalic="False"/>
          <textSize>14</textSize>
          <lineSpacing>0</lineSpacing>
          <selectedIndex>-1</selectedIndex>
          <controlPoint>(105,0)</controlPoint>
          <startPoint>(0,0)</startPoint>
          <endPoint>(210,0)</endPoint>
        </control>
        <control controlID="90126BB5-9929-4B9E-B700-CB5C8F200A2C" controlTypeID="Line" x="1" y="518" w="210" h="1" zOrder="3">
          <caption>Line</caption>
          <color>4291611852</color>
          <font family="Arial" displayName="Arial" postScript="" weightStyle="Regular" weight="400" isBold="False" isItalic="False"/>
          <textSize>14</textSize>
          <lineSpacing>0</lineSpacing>
          <selectedIndex>-1</selectedIndex>
          <controlPoint>(105,0)</controlPoint>
          <startPoint>(0,0)</startPoint>
          <endPoint>(210,0)</endPoint>
        </control>
        <control controlID="A8AFD09F-E516-4F4E-8C69-29444EF45355" controlTypeID="Line" x="1" y="632" w="210" h="1" zOrder="4">
          <caption>Line</caption>
          <color>4291611852</color>
          <font family="Arial" displayName="Arial" postScript="" weightStyle="Regular" weight="400" isBold="False" isItalic="False"/>
          <textSize>14</textSize>
          <lineSpacing>0</lineSpacing>
          <selectedIndex>-1</selectedIndex>
          <controlPoint>(105,0)</controlPoint>
          <startPoint>(0,0)</startPoint>
          <endPoint>(210,0)</endPoint>
        </control>
        <control controlID="8BE20E88-C704-45C4-B018-D4444109EEC4" controlTypeID="Line" x="1" y="693" w="210" h="1" zOrder="5">
          <caption>Line</caption>
          <color>4291611852</color>
          <font family="Arial" displayName="Arial" postScript="" weightStyle="Regular" weight="400" isBold="False" isItalic="False"/>
          <textSize>14</textSize>
          <lineSpacing>0</lineSpacing>
          <selectedIndex>-1</selectedIndex>
          <controlPoint>(105,0)</controlPoint>
          <startPoint>(0,0)</startPoint>
          <endPoint>(210,0)</endPoint>
        </control>
        <control controlID="A03F6E14-D54B-4445-A225-1945F7DEDF30" controlTypeID="Label" x="0" y="155" w="212" h="39" zOrder="6">
          <states>
            <state propName="Color" stateType="state_mouseOver" isChecked="True" value="4294111986" varType="20"/>
            <state propName="TextColor" stateType="state_mouseOver" isChecked="True" value="4278190080" varType="20"/>
          </states>
          <caption>Label</caption>
          <isAutoSize>False</isAutoSize>
          <links eventType="AtClick" animate="AmNone" animateAutoDelay="0" animateDuration="500">
            <link targetPageID="E499E3FA-DE1B-4950-8F03-29703759E657" linkType="ltPageLink" isApplyIncludePage="False" title="Home">
              <area shape="0" alt="" ID="{24412493-F7CA-4C14-85AB-CD46757E8F1A}" coords="(0,0,212,39)"/>
            </link>
          </links>
          <font family="Arial" displayName="Arial" postScript="" weightStyle="Regular" weight="400" isBold="False" isItalic="False"/>
          <text>++++++Home</text>
          <textColor>4284900966</textColor>
          <textVAlign>VaTop</textVAlign>
          <lineSpacing>0</lineSpacing>
          <selectedIndex>-1</selectedIndex>
        </control>
        <control controlID="CE49B462-60AC-4FC0-80DB-BA846E093449" controlTypeID="Label" x="0" y="194" w="212" h="39" zOrder="7">
          <states>
            <state propName="Color" stateType="state_mouseOver" isChecked="True" value="4294111986" varType="20"/>
            <state propName="TextColor" stateType="state_mouseOver" isChecked="True" value="4278190080" varType="20"/>
          </states>
          <caption>Label</caption>
          <isAutoSize>False</isAutoSize>
          <font family="Arial" displayName="Arial" postScript="" weightStyle="Regular" weight="400" isBold="False" isItalic="False"/>
          <text>++++++Discover</text>
          <textColor>4284900966</textColor>
          <textVAlign>VaTop</textVAlign>
          <lineSpacing>0</lineSpacing>
          <selectedIndex>-1</selectedIndex>
        </control>
        <control controlID="FB3AD73B-A9BA-4239-8BE3-8FF8DBAA5477" controlTypeID="Label" x="0" y="232" w="212" h="39" zOrder="8">
          <states>
            <state propName="Color" stateType="state_mouseOver" isChecked="True" value="4294111986" varType="20"/>
            <state propName="TextColor" stateType="state_mouseOver" isChecked="True" value="4278190080" varType="20"/>
          </states>
          <caption>Label</caption>
          <isAutoSize>False</isAutoSize>
          <font family="Arial" displayName="Arial" postScript="" weightStyle="Regular" weight="400" isBold="False" isItalic="False"/>
          <text>++++++Playlists</text>
          <textColor>4284900966</textColor>
          <textVAlign>VaTop</textVAlign>
          <lineSpacing>0</lineSpacing>
          <selectedIndex>-1</selectedIndex>
        </control>
        <control controlID="CE479E9D-97DD-4E34-8782-448455E713C9" controlTypeID="Label" x="0" y="271" w="212" h="39" zOrder="9">
          <states>
            <state propName="Color" stateType="state_mouseOver" isChecked="True" value="4294111986" varType="20"/>
            <state propName="TextColor" stateType="state_mouseOver" isChecked="True" value="4278190080" varType="20"/>
          </states>
          <caption>Label</caption>
          <isAutoSize>False</isAutoSize>
          <font family="Arial" displayName="Arial" postScript="" weightStyle="Regular" weight="400" isBold="False" isItalic="False"/>
          <text>++++++How+It+Works</text>
          <textColor>4284900966</textColor>
          <textVAlign>VaTop</textVAlign>
          <lineSpacing>0</lineSpacing>
          <selectedIndex>-1</selectedIndex>
        </control>
        <control controlID="4E46A77C-10BA-4E78-B771-06607A9271F1" controlTypeID="Label" x="0" y="310" w="212" h="39" zOrder="10">
          <states>
            <state propName="Color" stateType="state_mouseOver" isChecked="True" value="4294111986" varType="20"/>
            <state propName="TextColor" stateType="state_mouseOver" isChecked="True" value="4278190080" varType="20"/>
          </states>
          <caption>Label</caption>
          <isAutoSize>False</isAutoSize>
          <font family="Arial" displayName="Arial" postScript="" weightStyle="Regular" weight="400" isBold="False" isItalic="False"/>
          <text>++++++FAQ</text>
          <textColor>4284900966</textColor>
          <textVAlign>VaTop</textVAlign>
          <lineSpacing>0</lineSpacing>
          <selectedIndex>-1</selectedIndex>
        </control>
        <control controlID="425B62E8-9EFD-4BFA-9925-1BE2445F09E8" controlTypeID="Label" x="0" y="349" w="212" h="39" zOrder="11">
          <states>
            <state propName="Color" stateType="state_mouseOver" isChecked="True" value="4294111986" varType="20"/>
            <state propName="TextColor" stateType="state_mouseOver" isChecked="True" value="4278190080" varType="20"/>
          </states>
          <caption>Label</caption>
          <isAutoSize>False</isAutoSize>
          <font family="Arial" displayName="Arial" postScript="" weightStyle="Regular" weight="400" isBold="False" isItalic="False"/>
          <text>++++++Contact+Us</text>
          <textColor>4284900966</textColor>
          <textVAlign>VaTop</textVAlign>
          <lineSpacing>0</lineSpacing>
          <selectedIndex>-1</selectedIndex>
        </control>
        <control controlID="97EF697E-3960-4CC5-9652-8F146932CA7F" controlTypeID="Label" x="0" y="424" w="212" h="39" zOrder="12">
          <states>
            <state propName="Color" stateType="state_mouseOver" isChecked="True" value="4294111986" varType="20"/>
            <state propName="TextColor" stateType="state_mouseOver" isChecked="True" value="4284900966" varType="20"/>
          </states>
          <caption>Label</caption>
          <isAutoSize>False</isAutoSize>
          <font family="Arial" displayName="Arial" postScript="" weightStyle="Regular" weight="400" isBold="False" isItalic="False"/>
          <text>++++++Sign+Up</text>
          <textColor>4288256409</textColor>
          <textVAlign>VaTop</textVAlign>
          <lineSpacing>0</lineSpacing>
          <selectedIndex>-1</selectedIndex>
        </control>
        <control controlID="133238AD-C534-4E66-8501-E85B83818BB4" controlTypeID="Label" x="0" y="536" w="212" h="39" zOrder="13">
          <states>
            <state propName="Color" stateType="state_mouseOver" isChecked="True" value="4294111986" varType="20"/>
            <state propName="TextColor" stateType="state_mouseOver" isChecked="True" value="4284900966" varType="20"/>
          </states>
          <caption>Label</caption>
          <isAutoSize>False</isAutoSize>
          <font family="Arial" displayName="Arial" postScript="" weightStyle="Regular" weight="400" isBold="False" isItalic="False"/>
          <text>++++++Terms+of+Service</text>
          <textColor>4288256409</textColor>
          <textVAlign>VaTop</textVAlign>
          <lineSpacing>0</lineSpacing>
          <selectedIndex>-1</selectedIndex>
        </control>
        <control controlID="536C80BB-7AD5-461E-8105-C3B65CDC7B82" controlTypeID="Label" x="0" y="462" w="212" h="39" zOrder="14">
          <states>
            <state propName="Color" stateType="state_mouseOver" isChecked="True" value="4294111986" varType="20"/>
            <state propName="TextColor" stateType="state_mouseOver" isChecked="True" value="4284900966" varType="20"/>
          </states>
          <caption>Label</caption>
          <isAutoSize>False</isAutoSize>
          <font family="Arial" displayName="Arial" postScript="" weightStyle="Regular" weight="400" isBold="False" isItalic="False"/>
          <text>++++++Are+You+a+Music+Artist%3F</text>
          <textColor>4288256409</textColor>
          <textVAlign>VaTop</textVAlign>
          <lineSpacing>0</lineSpacing>
          <selectedIndex>-1</selectedIndex>
        </control>
        <control controlID="CBF02968-CEE0-45E3-920C-3A39221EC04C" controlTypeID="Label" x="0" y="574" w="212" h="39" zOrder="15">
          <states>
            <state propName="Color" stateType="state_mouseOver" isChecked="True" value="4294111986" varType="20"/>
            <state propName="TextColor" stateType="state_mouseOver" isChecked="True" value="4284900966" varType="20"/>
          </states>
          <caption>Label</caption>
          <isAutoSize>False</isAutoSize>
          <font family="Arial" displayName="Arial" postScript="" weightStyle="Regular" weight="400" isBold="False" isItalic="False"/>
          <text>++++++Privacy+Policy</text>
          <textColor>4284900966</textColor>
          <textVAlign>VaTop</textVAlign>
          <lineSpacing>0</lineSpacing>
          <selectedIndex>-1</selectedIndex>
        </control>
        <control controlID="F20FFFC7-1964-4997-B848-A2784C0BC3EB" controlTypeID="Line" x="1" y="136" w="210" h="1" zOrder="16">
          <caption>Line</caption>
          <color>4291611852</color>
          <font family="Arial" displayName="Arial" postScript="" weightStyle="Regular" weight="400" isBold="False" isItalic="False"/>
          <textSize>14</textSize>
          <lineSpacing>0</lineSpacing>
          <selectedIndex>-1</selectedIndex>
          <controlPoint>(105,0)</controlPoint>
          <startPoint>(0,0)</startPoint>
          <endPoint>(210,0)</endPoint>
        </control>
        <control controlID="EF8A3B0D-41E6-403B-92F4-B05DC3A913BB" controlTypeID="Label" x="25" y="654" w="70" h="17" zOrder="17">
          <caption>Label</caption>
          <font family="Arial" displayName="Arial" postScript="" weightStyle="Regular" weight="400" isBold="False" isItalic="False"/>
          <text>Follow+Us%3A</text>
          <textVAlign>VaTop</textVAlign>
          <lineSpacing>0</lineSpacing>
          <selectedIndex>-1</selectedIndex>
        </control>
        <control controlID="72D0169C-5D5B-4ED2-B6EB-1ABA42906A98" controlTypeID="IconButton2" x="99" y="648" w="28" h="28" zOrder="18">
          <caption>Icon+Button</caption>
          <groupChildrenDescriptors>
            <control controlID="9494A7FB-88F5-42E9-BF2A-1CA1FC0B2368" controlTypeID="Shape" x="0" y="0" w="28" h="28" zOrder="0">
              <caption>Shape</caption>
              <color>4284900966</color>
              <borderVisible>False</borderVisible>
              <canMove>False</canMove>
              <alias>shape</alias>
              <font family="Arial" displayName="Arial" postScript="" weightStyle="Regular" weight="400" isBold="False" isItalic="False"/>
              <textSize>14</textSize>
              <selectedIndex>-1</selectedIndex>
              <shapeBorderType>SbEllipse</shapeBorderType>
            </control>
            <control controlID="B2F3BA60-679C-44E1-8934-5E115CC754A4" controlTypeID="Icon" x="5" y="5" w="18" h="18" zOrder="1">
              <caption>Icon</caption>
              <color>4294967295</color>
              <canMove>False</canMove>
              <alias>icon</alias>
              <icon>
                <ID/>
                <iconFontName>jdIonicons</iconFontName>
                <iconCode>62001</iconCode>
              </icon>
              <URL>29F37D064345EFF092FDE43A909201C4.svg</URL>
            </control>
            <control controlID="162B6A62-B1C1-4A2F-907B-FD15BF427495" controlTypeID="Label" x="0" y="0" w="39" h="17" zOrder="2">
              <caption>Label</caption>
              <canMove>False</canMove>
              <alias>label</alias>
              <font family="Arial" displayName="Arial" postScript="" weightStyle="Regular" weight="400" isBold="False" isItalic="False"/>
              <text>Label</text>
              <textVAlign>VaTop</textVAlign>
              <lineSpacing>0</lineSpacing>
              <selectedIndex>-1</selectedIndex>
            </control>
            <control controlID="77AF65CE-9913-47F4-AA42-30B1A8266E4F" controlTypeID="Shape" x="15" y="0" w="13" h="12" zOrder="3">
              <caption>Shape</caption>
              <color>4294901760</color>
              <borderVisible>False</borderVisible>
              <canMove>False</canMove>
              <alias>alarm</alias>
              <font family="Arial" displayName="Arial" postScript="" weightStyle="Regular" weight="400" isBold="False" isItalic="False"/>
              <text>2</text>
              <textColor>4294967295</textColor>
              <textSize>7</textSize>
              <selectedIndex>-1</selectedIndex>
              <radius>100</radius>
              <radiusIsPercent>True</radiusIsPercent>
            </control>
          </groupChildrenDescriptors>
          <iconSize>18</iconSize>
        </control>
        <control controlID="439D7EF7-4A22-413F-B533-633B25DEE0E2" controlTypeID="IconButton2" x="135" y="648" w="28" h="28" zOrder="19">
          <caption>Icon+Button</caption>
          <groupChildrenDescriptors>
            <control controlID="8FFDBD00-A0BA-4101-AC10-ECA75F1CE8B8" controlTypeID="Shape" x="0" y="0" w="28" h="28" zOrder="0">
              <caption>Shape</caption>
              <color>4288256409</color>
              <borderVisible>False</borderVisible>
              <canMove>False</canMove>
              <alias>shape</alias>
              <font family="Arial" displayName="Arial" postScript="" weightStyle="Regular" weight="400" isBold="False" isItalic="False"/>
              <textSize>14</textSize>
              <selectedIndex>-1</selectedIndex>
              <shapeBorderType>SbEllipse</shapeBorderType>
            </control>
            <control controlID="62567C39-3AF3-42A4-B5F5-22D6D768590A" controlTypeID="Icon" x="5" y="5" w="18" h="18" zOrder="1">
              <caption>Icon</caption>
              <color>4294967295</color>
              <canMove>False</canMove>
              <alias>icon</alias>
              <icon>
                <ID/>
                <iconFontName>jdIonicons</iconFontName>
                <iconCode>62019</iconCode>
              </icon>
              <URL>6E397F998770B38A343BB5B849DF19E9.svg</URL>
            </control>
            <control controlID="1593542F-A081-4B34-B3A5-79923EF6AF41" controlTypeID="Label" x="0" y="0" w="39" h="17" zOrder="2">
              <caption>Label</caption>
              <canMove>False</canMove>
              <alias>label</alias>
              <font family="Arial" displayName="Arial" postScript="" weightStyle="Regular" weight="400" isBold="False" isItalic="False"/>
              <text>Label</text>
              <textVAlign>VaTop</textVAlign>
              <lineSpacing>0</lineSpacing>
              <selectedIndex>-1</selectedIndex>
            </control>
            <control controlID="69055CC8-B4A0-4EA2-B2A8-A5C57F2054EF" controlTypeID="Shape" x="15" y="0" w="13" h="12" zOrder="3">
              <caption>Shape</caption>
              <color>4294901760</color>
              <borderVisible>False</borderVisible>
              <canMove>False</canMove>
              <alias>alarm</alias>
              <font family="Arial" displayName="Arial" postScript="" weightStyle="Regular" weight="400" isBold="False" isItalic="False"/>
              <text>2</text>
              <textColor>4294967295</textColor>
              <textSize>7</textSize>
              <selectedIndex>-1</selectedIndex>
              <radius>100</radius>
              <radiusIsPercent>True</radiusIsPercent>
            </control>
          </groupChildrenDescriptors>
          <iconSize>18</iconSize>
        </control>
        <control controlID="C57851B7-F737-4E15-B109-E526F8886C4E" controlTypeID="TextArea" x="5" y="704" w="197" h="72" zOrder="20">
          <caption>Text+Area</caption>
          <borderColor>4282664004</borderColor>
          <font family="Arial" displayName="Arial" postScript="" weightStyle="Regular" weight="400" isBold="False" isItalic="False"/>
          <text>+SoStereo%2C+2016+%2F+All+rights+reserved+%0D%0A0.1.3</text>
          <textColor>4288256409</textColor>
          <textSize>12</textSize>
          <textAlign>HaCenter</textAlign>
          <useDefaultTextSize>False</useDefaultTextSize>
          <selectedIndex>-1</selectedIndex>
        </control>
        <control controlID="F453E235-3A59-4AEA-BC21-E361E5DB0C7F" controlTypeID="Border" x="0" y="0" w="212" h="1100" zOrder="21">
          <borderVisible>False</borderVisible>
          <alias>borderLayer</alias>
        </control>
      </groupChildrenDescriptors>
      <thinkness>1</thinkness>
    </control>
  </controls>
  <param>
    <backgroundColor>4294967295</backgroundColor>
    <fontFamily>Arial</fontFamily>
    <guideLines>
      <guideLine isLocked="False" isHori="True" value="800"/>
    </guideLines>
    <fontSize>14</fontSize>
  </param>
</mockup>