﻿<mockup version="5.1" minAllowVersion="5.1" ID="4F49D754-E222-4F1E-A1B2-879183DE228F" platform="MtWeb" defaultW="1366" defaultH="768" measureW="1366" measureH="768" mobileScreenScale="0">
  <controls controlCount="63">
    <control controlID="6A52AB92-5E67-4705-B8FF-B551EF8B36E6" controlTypeID="Table" x="30" y="90" w="1200" h="90" zOrder="0">
      <borderVisible>False</borderVisible>
      <font family="Arial" displayName="Arial" postScript="" weightStyle="Regular" weight="400" isBold="False" isItalic="False"/>
      <text>%E8%A1%A8%E6%A0%BC</text>
      <textSize>14</textSize>
      <textAlign>HaCenter</textAlign>
      <lineSpacing>0</lineSpacing>
      <thickness>1</thickness>
      <dashMode>SdSolid</dashMode>
      <tableStyle>tsNone</tableStyle>
      <editIndex>0</editIndex>
      <rows>
        <row height="30">
          <editIndex>0</editIndex>
          <isAutoRowHeight>True</isAutoRowHeight>
        </row>
        <row height="30">
          <editIndex>0</editIndex>
          <isAutoRowHeight>True</isAutoRowHeight>
        </row>
        <row height="30">
          <editIndex>0</editIndex>
          <isAutoRowHeight>True</isAutoRowHeight>
        </row>
      </rows>
      <cols>
        <col width="120">
          <editIndex>0</editIndex>
        </col>
        <col width="120">
          <editIndex>0</editIndex>
        </col>
        <col width="120">
          <editIndex>0</editIndex>
        </col>
        <col width="120">
          <editIndex>0</editIndex>
        </col>
        <col width="120">
          <editIndex>0</editIndex>
        </col>
        <col width="120">
          <editIndex>0</editIndex>
        </col>
        <col width="120">
          <editIndex>0</editIndex>
        </col>
        <col width="180">
          <editIndex>0</editIndex>
        </col>
        <col width="180">
          <editIndex>0</editIndex>
        </col>
      </cols>
      <cells>
        <cell rows="0,0" cols="0,0">
          <fontFamily>Arial</fontFamily>
          <editIndex>0</editIndex>
          <text>%E8%A7%84%E5%88%99%E7%BC%96%E5%8F%B7</text>
          <textHeight>28</textHeight>
          <font family="Arial" displayName="Arial" postScript="" weightStyle="Regular" weight="400" isBold="False" isItalic="False"/>
        </cell>
        <cell rows="0,0" cols="1,1">
          <fontFamily>Arial</fontFamily>
          <editIndex>0</editIndex>
          <text>%E8%A7%84%E5%88%99%E5%90%8D%E7%A7%B0</text>
          <textHeight>28</textHeight>
          <font family="Arial" displayName="Arial" postScript="" weightStyle="Regular" weight="400" isBold="False" isItalic="False"/>
        </cell>
        <cell rows="0,0" cols="2,2">
          <fontFamily>Arial</fontFamily>
          <editIndex>0</editIndex>
          <text>%E8%A7%84%E5%88%99%E7%B1%BB%E5%9E%8B</text>
          <textHeight>28</textHeight>
          <font family="Arial" displayName="Arial" postScript="" weightStyle="Regular" weight="400" isBold="False" isItalic="False"/>
        </cell>
        <cell rows="0,0" cols="3,3">
          <fontFamily>Arial</fontFamily>
          <editIndex>0</editIndex>
          <text>%E8%BD%A6%E8%BE%86%E7%B1%BB%E5%9E%8B</text>
          <textHeight>28</textHeight>
          <font family="Arial" displayName="Arial" postScript="" weightStyle="Regular" weight="400" isBold="False" isItalic="False"/>
        </cell>
        <cell rows="0,0" cols="4,4">
          <fontFamily>Arial</fontFamily>
          <editIndex>0</editIndex>
          <text>%E8%BD%A6%E7%89%8C%E7%B1%BB%E5%9E%8B</text>
          <textHeight>28</textHeight>
          <font family="Arial" displayName="Arial" postScript="" weightStyle="Regular" weight="400" isBold="False" isItalic="False"/>
        </cell>
        <cell rows="0,0" cols="5,5">
          <fontFamily>Arial</fontFamily>
          <editIndex>0</editIndex>
          <text>%E5%81%9C%E8%BD%A6%E5%9C%BA%E7%AD%89%E7%BA%A7</text>
          <textHeight>28</textHeight>
          <font family="Arial" displayName="Arial" postScript="" weightStyle="Regular" weight="400" isBold="False" isItalic="False"/>
        </cell>
        <cell rows="0,0" cols="6,6">
          <fontFamily>Arial</fontFamily>
          <editIndex>0</editIndex>
          <text>%E8%8A%82%E5%81%87%E6%97%A5%E7%B1%BB%E5%9E%8B</text>
          <textHeight>28</textHeight>
          <font family="Arial" displayName="Arial" postScript="" weightStyle="Regular" weight="400" isBold="False" isItalic="False"/>
        </cell>
        <cell rows="0,0" cols="7,7">
          <fontFamily>Arial</fontFamily>
          <editIndex>0</editIndex>
          <text>%E7%8A%B6%E6%80%81</text>
          <textHeight>28</textHeight>
          <font family="Arial" displayName="Arial" postScript="" weightStyle="Regular" weight="400" isBold="False" isItalic="False"/>
        </cell>
        <cell rows="0,0" cols="8,8">
          <fontFamily>Arial</fontFamily>
          <editIndex>0</editIndex>
          <text>%E6%93%8D%E4%BD%9C</text>
          <textHeight>28</textHeight>
          <font family="Arial" displayName="Arial" postScript="" weightStyle="Regular" weight="400" isBold="False" isItalic="False"/>
        </cell>
        <cell rows="1,1" cols="0,0">
          <fontFamily>Arial</fontFamily>
          <editIndex>0</editIndex>
          <text>10086</text>
          <textHeight>28</textHeight>
          <font family="Arial" displayName="Arial" postScript="" weightStyle="Regular" weight="400" isBold="False" isItalic="False"/>
        </cell>
        <cell rows="1,1" cols="1,1">
          <fontFamily>Arial</fontFamily>
          <editIndex>0</editIndex>
          <text>1%E5%8F%B7%E5%81%9C%E8%BD%A6%E5%9C%BA%E6%B5%8B%E8%AF%95%E8%A7%84%E5%88%99</text>
          <textHeight>28</textHeight>
          <font family="Arial" displayName="Arial" postScript="" weightStyle="Regular" weight="400" isBold="False" isItalic="False"/>
        </cell>
        <cell rows="1,1" cols="2,2">
          <fontFamily>Arial</fontFamily>
          <editIndex>0</editIndex>
          <text>%E8%AE%A1%E6%97%B6%E6%94%B6%E8%B4%B9</text>
          <textHeight>28</textHeight>
          <font family="Arial" displayName="Arial" postScript="" weightStyle="Regular" weight="400" isBold="False" isItalic="False"/>
        </cell>
        <cell rows="1,1" cols="3,3">
          <fontFamily>Arial</fontFamily>
          <editIndex>0</editIndex>
          <text>%E5%B0%8F%E5%9E%8B%E8%BD%A6</text>
          <textHeight>28</textHeight>
          <font family="Arial" displayName="Arial" postScript="" weightStyle="Regular" weight="400" isBold="False" isItalic="False"/>
        </cell>
        <cell rows="1,1" cols="4,4">
          <fontFamily>Arial</fontFamily>
          <editIndex>0</editIndex>
          <text>%E6%99%AE%E9%80%9A%E8%93%9D%E7%89%8C%E8%BD%A6</text>
          <textHeight>28</textHeight>
          <font family="Arial" displayName="Arial" postScript="" weightStyle="Regular" weight="400" isBold="False" isItalic="False"/>
        </cell>
        <cell rows="1,1" cols="5,5">
          <fontFamily>Arial</fontFamily>
          <editIndex>0</editIndex>
          <text>%E4%B8%80%E7%BA%A7%E5%81%9C%E8%BD%A6%E5%9C%BA</text>
          <textHeight>28</textHeight>
          <font family="Arial" displayName="Arial" postScript="" weightStyle="Regular" weight="400" isBold="False" isItalic="False"/>
        </cell>
        <cell rows="1,1" cols="6,6">
          <fontFamily>Arial</fontFamily>
          <editIndex>0</editIndex>
          <text>%E5%8F%8C%E4%BC%91%E6%97%A5</text>
          <textHeight>28</textHeight>
          <font family="Arial" displayName="Arial" postScript="" weightStyle="Regular" weight="400" isBold="False" isItalic="False"/>
        </cell>
        <cell rows="1,1" cols="7,7">
          <fontFamily>Arial</fontFamily>
          <editIndex>0</editIndex>
          <text>%E5%8F%AF%E7%94%A8%2F%E7%A6%81%E7%94%A8</text>
          <textHeight>28</textHeight>
          <font family="Arial" displayName="Arial" postScript="" weightStyle="Regular" weight="400" isBold="False" isItalic="False"/>
        </cell>
        <cell rows="1,1" cols="8,8">
          <fontFamily>Arial</fontFamily>
          <editIndex>0</editIndex>
          <textHeight>30</textHeight>
          <font family="Arial" displayName="Arial" postScript="" weightStyle="Regular" weight="400" isBold="False" isItalic="False"/>
        </cell>
        <cell rows="2,2" cols="0,0">
          <fontFamily>Arial</fontFamily>
          <editIndex>0</editIndex>
          <textHeight>30</textHeight>
          <font family="Arial" displayName="Arial" postScript="" weightStyle="Regular" weight="400" isBold="False" isItalic="False"/>
        </cell>
        <cell rows="2,2" cols="1,1">
          <fontFamily>Arial</fontFamily>
          <editIndex>0</editIndex>
          <textHeight>30</textHeight>
          <font family="Arial" displayName="Arial" postScript="" weightStyle="Regular" weight="400" isBold="False" isItalic="False"/>
        </cell>
        <cell rows="2,2" cols="2,2">
          <fontFamily>Arial</fontFamily>
          <editIndex>0</editIndex>
          <textHeight>30</textHeight>
          <font family="Arial" displayName="Arial" postScript="" weightStyle="Regular" weight="400" isBold="False" isItalic="False"/>
        </cell>
        <cell rows="2,2" cols="3,3">
          <fontFamily>Arial</fontFamily>
          <editIndex>0</editIndex>
          <textHeight>30</textHeight>
          <font family="Arial" displayName="Arial" postScript="" weightStyle="Regular" weight="400" isBold="False" isItalic="False"/>
        </cell>
        <cell rows="2,2" cols="4,4">
          <fontFamily>Arial</fontFamily>
          <editIndex>0</editIndex>
          <textHeight>30</textHeight>
          <font family="Arial" displayName="Arial" postScript="" weightStyle="Regular" weight="400" isBold="False" isItalic="False"/>
        </cell>
        <cell rows="2,2" cols="5,5">
          <fontFamily>Arial</fontFamily>
          <editIndex>0</editIndex>
          <textHeight>30</textHeight>
          <font family="Arial" displayName="Arial" postScript="" weightStyle="Regular" weight="400" isBold="False" isItalic="False"/>
        </cell>
        <cell rows="2,2" cols="6,6">
          <fontFamily>Arial</fontFamily>
          <editIndex>0</editIndex>
          <textHeight>30</textHeight>
          <font family="Arial" displayName="Arial" postScript="" weightStyle="Regular" weight="400" isBold="False" isItalic="False"/>
        </cell>
        <cell rows="2,2" cols="7,7">
          <fontFamily>Arial</fontFamily>
          <editIndex>0</editIndex>
          <textHeight>30</textHeight>
          <font family="Arial" displayName="Arial" postScript="" weightStyle="Regular" weight="400" isBold="False" isItalic="False"/>
        </cell>
        <cell rows="2,2" cols="8,8">
          <fontFamily>Arial</fontFamily>
          <editIndex>0</editIndex>
          <textHeight>30</textHeight>
          <font family="Arial" displayName="Arial" postScript="" weightStyle="Regular" weight="400" isBold="False" isItalic="False"/>
        </cell>
      </cells>
    </control>
    <control controlID="8CA599F7-4A45-4640-9743-C7F53AA0A6BE" controlTypeID="LabelTextInput" x="30" y="50" w="114" h="24" zOrder="1">
      <caption>%E8%A7%84%E5%88%99%E5%90%8D%E7%A7%B0</caption>
      <borderVisible>False</borderVisible>
      <font family="Arial" displayName="Arial" postScript="" weightStyle="Regular" weight="400" isBold="False" isItalic="False"/>
      <text>%E8%A7%84%E5%88%99%E5%90%8D%E7%A7%B0</text>
      <textSize>14</textSize>
      <lineSpacing>0</lineSpacing>
      <selectedIndex>-1</selectedIndex>
    </control>
    <control controlID="2F2458D2-EC70-45B6-8531-3DE6DE933B3E" controlTypeID="ButtonBar" x="1058" y="121" w="172" h="28" zOrder="2">
      <color>4288269567</color>
      <interactiveData>
        <entry title="%E6%9F%A5%E7%9C%8B">
          <area shape="0" alt="" ID="{77BF55FC-7E9A-4BB0-824C-AA3FF3401E5D}" coords="(0.5,0.5,57.5,27.5)"/>
          <events title="">
            <event eventType="atClick" isChecked="True">
              <behaviour title="" isChecked="True" isWait="False" isLoop="False" execMode="emParallel">
                <target targetID="E3C7A1FB-F8BD-4A14-B821-DF5A743A575C" isChecked="True" isAutoRecovery="False" isLoop="False" execMode="emSequence">
                  <command name="Popup State Change" isChecked="True" descrition="">
                    <param name="AniInterpolation" value="0" varType="3" description=""/>
                    <param name="AniDuration" value="200" varType="3" description=""/>
                    <param name="AniAutoReverse" value="False" varType="11" description=""/>
                    <param name="AniLoop" value="False" varType="11" description=""/>
                    <param name="AniInterpolationTypeOut" value="False" varType="11" description=""/>
                    <param name="Delay" value="0" varType="3" description=""/>
                    <param name="Value" value="0" varType="3" description=""/>
                    <param name="AniType" value="0" varType="3" description=""/>
                  </command>
                </target>
              </behaviour>
            </event>
          </events>
        </entry>
        <entry title="%E7%BC%96%E8%BE%91">
          <area shape="0" alt="" ID="{59D0F70C-059B-4C5E-92CD-FBB0A147C9CB}" coords="(57.5,0.5,114.5,27.5)"/>
          <events title="">
            <event eventType="atClick" isChecked="True">
              <behaviour title="" isChecked="True" isWait="False" isLoop="False" execMode="emParallel">
                <target targetID="E3C7A1FB-F8BD-4A14-B821-DF5A743A575C" isChecked="True" isAutoRecovery="False" isLoop="False" execMode="emSequence">
                  <command name="Popup State Change" isChecked="True" descrition="">
                    <param name="AniInterpolation" value="0" varType="3" description=""/>
                    <param name="AniDuration" value="200" varType="3" description=""/>
                    <param name="AniAutoReverse" value="False" varType="11" description=""/>
                    <param name="AniLoop" value="False" varType="11" description=""/>
                    <param name="AniInterpolationTypeOut" value="False" varType="11" description=""/>
                    <param name="Delay" value="0" varType="3" description=""/>
                    <param name="Value" value="2" varType="3" description=""/>
                    <param name="AniType" value="0" varType="3" description=""/>
                  </command>
                </target>
              </behaviour>
            </event>
            <event eventType="atRightClick" isChecked="True">
              <behaviour title="" isChecked="True" isWait="False" isLoop="False" execMode="emParallel">
                <target targetID="E3C7A1FB-F8BD-4A14-B821-DF5A743A575C" isChecked="True" isAutoRecovery="False" isLoop="False" execMode="emSequence">
                  <command name="Popup State Change" isChecked="True" descrition="">
                    <param name="AniInterpolation" value="0" varType="3" description=""/>
                    <param name="AniDuration" value="200" varType="3" description=""/>
                    <param name="AniAutoReverse" value="False" varType="11" description=""/>
                    <param name="AniLoop" value="False" varType="11" description=""/>
                    <param name="AniInterpolationTypeOut" value="False" varType="11" description=""/>
                    <param name="Delay" value="0" varType="3" description=""/>
                    <param name="Value" value="2" varType="3" description=""/>
                    <param name="AniType" value="0" varType="3" description=""/>
                  </command>
                </target>
              </behaviour>
            </event>
          </events>
        </entry>
        <entry title="%E5%88%A0%E9%99%A4">
          <area shape="0" alt="" ID="{87B88F09-819E-45A7-BA38-0CB1FE5CA2C0}" coords="(114.5,0.5,171.5,27.5)"/>
          <events title="">
            <event eventType="atClick" isChecked="True">
              <behaviour title="" isChecked="True" isWait="False" isLoop="False" execMode="emParallel">
                <target targetID="08CA3BE3-CA61-4204-A417-2B4B683D4D62" isChecked="True" isAutoRecovery="False" isLoop="False" execMode="emSequence">
                  <command name="Change Visibility" isChecked="True" descrition="">
                    <param name="AniInterpolation" value="1" varType="3" description=""/>
                    <param name="AniDuration" value="200" varType="3" description=""/>
                    <param name="AniAutoReverse" value="False" varType="11" description=""/>
                    <param name="AniLoop" value="False" varType="11" description=""/>
                    <param name="AniInterpolationTypeOut" value="False" varType="11" description=""/>
                    <param name="Delay" value="0" varType="3" description=""/>
                    <param name="ValueFromCurrent" value="True" varType="11" description=""/>
                    <param name="ForceFromInitValue" value="False" varType="11" description=""/>
                    <param name="ForceSetVisible" value="False" varType="11" description=""/>
                    <param name="Value" value="2" varType="3" description=""/>
                    <param name="TerminateLoopByClick" value="True" varType="11" description=""/>
                  </command>
                </target>
              </behaviour>
            </event>
          </events>
        </entry>
      </interactiveData>
      <font family="Arial" displayName="Arial" postScript="" weightStyle="Regular" weight="400" isBold="False" isItalic="False"/>
      <text>%E6%9F%A5%E7%9C%8B%2C%E7%BC%96%E8%BE%91%2C%E5%88%A0%E9%99%A4</text>
      <textSize>14</textSize>
      <lineSpacing>0</lineSpacing>
      <selectedColor>4281532620</selectedColor>
    </control>
    <control controlID="4611912C-714E-40C8-B4DC-7B01DCDCFA55" controlTypeID="CompositeComboBox" x="162" y="50" w="125" h="24" zOrder="3">
      <groupChildrenDescriptors>
        <control controlID="6A25A31A-3D2D-4CB5-A4FC-62B3F9B9A775" controlTypeID="TextInput" x="0" y="0" w="102" h="24" zOrder="0">
          <locked>True</locked>
          <canMove>False</canMove>
          <alias>input</alias>
          <font family="Arial" displayName="Arial" postScript="" weightStyle="Regular" weight="400" isBold="False" isItalic="False" useDefaultFontFamily="False"/>
          <text>%E8%AE%A1%E6%97%B6%E6%94%B6%E8%B4%B9</text>
          <lineSpacing>0</lineSpacing>
          <selectedIndex>-1</selectedIndex>
        </control>
        <control controlID="AF44B573-921C-429A-87B3-68B4F7E4D95F" controlTypeID="Button" x="101" y="0" w="24" h="24" zOrder="1">
          <locked>True</locked>
          <canMove>False</canMove>
          <alias>button</alias>
          <font family="Arial" displayName="Arial" postScript="" weightStyle="Regular" weight="400" isBold="False" isItalic="False"/>
          <lineSpacing>0</lineSpacing>
          <selectedIndex>-1</selectedIndex>
          <radius>0</radius>
        </control>
        <control controlID="D2DADEC0-A0E8-4340-BCD4-9CC78F5DBC12" controlTypeID="List" x="0" y="24" w="125" h="74" zOrder="2">
          <isShow>False</isShow>
          <canMove>False</canMove>
          <alias>dropDown</alias>
          <font family="Arial" displayName="Arial" postScript="" weightStyle="Regular" weight="400" isBold="False" isItalic="False" useDefaultFontFamily="False"/>
          <text>%E8%AE%A1%E6%97%B6%E6%94%B6%E8%B4%B9%0D%0A%E8%AE%A1%E6%AC%A1%E6%94%B6%E8%B4%B9%0D%0A%E6%97%A5%E5%A4%9C%E6%97%B6%E5%88%86%E6%94%B6%E8%B4%B9</text>
          <textSize>14</textSize>
          <lineSpacing>0</lineSpacing>
          <itemHeight>24</itemHeight>
          <interlaceColor>4294967295</interlaceColor>
        </control>
      </groupChildrenDescriptors>
      <baseHeight>24</baseHeight>
      <font family="Arial"/>
      <textSize>14</textSize>
    </control>
    <control controlID="125C9B3B-92BD-4DF6-B000-ABD23F48A338" controlTypeID="CompositeComboBox" x="305" y="50" w="98" h="24" zOrder="4">
      <groupChildrenDescriptors>
        <control controlID="4C71FED9-5E6B-496C-A492-05E71108A8A5" controlTypeID="TextInput" x="0" y="0" w="75" h="24" zOrder="0">
          <locked>True</locked>
          <canMove>False</canMove>
          <alias>input</alias>
          <font family="Arial" displayName="Arial" postScript="" weightStyle="Regular" weight="400" isBold="False" isItalic="False" useDefaultFontFamily="False"/>
          <text>%E5%B0%8F%E5%9E%8B%E8%BD%A6</text>
          <lineSpacing>0</lineSpacing>
          <selectedIndex>-1</selectedIndex>
        </control>
        <control controlID="EE952327-91E9-491F-84BF-5C4CD00A82B6" controlTypeID="Button" x="74" y="0" w="24" h="24" zOrder="1">
          <locked>True</locked>
          <canMove>False</canMove>
          <alias>button</alias>
          <font family="Arial" displayName="Arial" postScript="" weightStyle="Regular" weight="400" isBold="False" isItalic="False"/>
          <lineSpacing>0</lineSpacing>
          <selectedIndex>-1</selectedIndex>
          <radius>0</radius>
        </control>
        <control controlID="2A10C898-DE28-4406-B725-F8F0445C52FD" controlTypeID="List" x="0" y="24" w="98" h="74" zOrder="2">
          <isShow>False</isShow>
          <canMove>False</canMove>
          <alias>dropDown</alias>
          <font family="Arial" displayName="Arial" postScript="" weightStyle="Regular" weight="400" isBold="False" isItalic="False" useDefaultFontFamily="False"/>
          <text>%E5%B0%8F%E5%9E%8B%E8%BD%A6%0D%0A%E5%A4%A7%E5%9E%8B%E8%BD%A6%0D%0A%E5%85%B6%E4%BB%96</text>
          <textSize>14</textSize>
          <lineSpacing>0</lineSpacing>
          <itemHeight>24</itemHeight>
          <interlaceColor>4294967295</interlaceColor>
        </control>
      </groupChildrenDescriptors>
      <baseHeight>24</baseHeight>
      <font family="Arial"/>
      <textSize>14</textSize>
    </control>
    <control controlID="72551E6A-618C-45C4-BC89-B91ACB35E07F" controlTypeID="CompositeComboBox" x="422" y="50" w="102" h="24" zOrder="5">
      <groupChildrenDescriptors>
        <control controlID="AE589700-A9DF-4B13-A19B-E7357FC16903" controlTypeID="TextInput" x="0" y="0" w="79" h="24" zOrder="0">
          <locked>True</locked>
          <canMove>False</canMove>
          <alias>input</alias>
          <font family="Arial" displayName="Arial" postScript="" weightStyle="Regular" weight="400" isBold="False" isItalic="False" useDefaultFontFamily="False"/>
          <text>%E4%B8%80%E7%BA%A7%E5%8C%BA%E5%9F%9F</text>
          <lineSpacing>0</lineSpacing>
          <selectedIndex>-1</selectedIndex>
        </control>
        <control controlID="DDD6712A-352B-49D0-AC00-E3B04203CD02" controlTypeID="Button" x="78" y="0" w="24" h="24" zOrder="1">
          <locked>True</locked>
          <canMove>False</canMove>
          <alias>button</alias>
          <font family="Arial" displayName="Arial" postScript="" weightStyle="Regular" weight="400" isBold="False" isItalic="False"/>
          <lineSpacing>0</lineSpacing>
          <selectedIndex>-1</selectedIndex>
          <radius>0</radius>
        </control>
        <control controlID="C2E36D16-8BFD-42C8-8FEE-63BC41516A80" controlTypeID="List" x="0" y="24" w="102" h="98" zOrder="2">
          <isShow>False</isShow>
          <canMove>False</canMove>
          <alias>dropDown</alias>
          <font family="Arial" displayName="Arial" postScript="" weightStyle="Regular" weight="400" isBold="False" isItalic="False" useDefaultFontFamily="False"/>
          <text>%E4%B8%80%E7%BA%A7%E5%8C%BA%E5%9F%9F%0D%0A%E4%BA%8C%E7%BA%A7%E5%8C%BA%E5%9F%9F%0D%0A%E4%B8%89%E7%BA%A7%E5%8C%BA%E5%9F%9F%0D%0A%E5%9B%9B%E7%BA%A7%E5%8C%BA%E5%9F%9F</text>
          <textSize>14</textSize>
          <lineSpacing>0</lineSpacing>
          <itemHeight>24</itemHeight>
          <interlaceColor>4294967295</interlaceColor>
        </control>
      </groupChildrenDescriptors>
      <baseHeight>24</baseHeight>
      <font family="Arial"/>
      <textSize>14</textSize>
    </control>
    <control controlID="77848A70-3FBA-4D84-B620-12F31CE26BDD" controlTypeID="Button" x="550" y="48" w="70" h="28" zOrder="6">
      <font family="Arial" displayName="Arial" postScript="" weightStyle="Regular" weight="400" isBold="False" isItalic="False"/>
      <text>%E6%9F%A5%E8%AF%A2</text>
      <lineSpacing>0</lineSpacing>
      <selectedIndex>-1</selectedIndex>
      <radius>4</radius>
    </control>
    <control controlID="01E32B35-12F8-4857-AD93-4764CE556C0A" controlTypeID="Button" x="642" y="48" w="70" h="28" zOrder="7">
      <interactiveData>
        <entry title="">
          <area shape="0" alt="" ID="{9FE3A2C3-424E-4EC6-86D2-DE6B253E3F7B}" coords="(0,0,70,28)"/>
          <events title="">
            <event eventType="atClick" isChecked="True">
              <behaviour title="" isChecked="True" isWait="False" isLoop="False" execMode="emParallel">
                <target targetID="E3C7A1FB-F8BD-4A14-B821-DF5A743A575C" isChecked="True" isAutoRecovery="False" isLoop="False" execMode="emSequence">
                  <command name="Popup State Change" isChecked="True" descrition="">
                    <param name="AniInterpolation" value="0" varType="3" description=""/>
                    <param name="AniDuration" value="200" varType="3" description=""/>
                    <param name="AniAutoReverse" value="False" varType="11" description=""/>
                    <param name="AniLoop" value="False" varType="11" description=""/>
                    <param name="AniInterpolationTypeOut" value="False" varType="11" description=""/>
                    <param name="Delay" value="0" varType="3" description=""/>
                    <param name="Value" value="0" varType="3" description=""/>
                    <param name="AniType" value="0" varType="3" description=""/>
                  </command>
                </target>
              </behaviour>
            </event>
          </events>
        </entry>
      </interactiveData>
      <font family="Arial" displayName="Arial" postScript="" weightStyle="Regular" weight="400" isBold="False" isItalic="False"/>
      <text>%E6%B7%BB%E5%8A%A0</text>
      <lineSpacing>0</lineSpacing>
      <selectedIndex>-1</selectedIndex>
      <radius>4</radius>
    </control>
    <control controlID="AD28F6D6-3B1A-44A1-A374-1A6F214F55DF" controlTypeID="Button" x="733" y="48" w="70" h="28" zOrder="8">
      <font family="Arial" displayName="Arial" postScript="" weightStyle="Regular" weight="400" isBold="False" isItalic="False"/>
      <text>%E5%AF%BC%E5%87%BA</text>
      <lineSpacing>0</lineSpacing>
      <selectedIndex>-1</selectedIndex>
      <radius>4</radius>
    </control>
    <control controlID="08CA3BE3-CA61-4204-A417-2B4B683D4D62" controlTypeID="Alert" x="406" y="348" w="200" h="130" zOrder="9">
      <isShow>False</isShow>
      <interactiveData>
        <entry title="%E5%90%A6">
          <area shape="0" alt="" ID="{C7CEC3D3-76B9-45E4-A30D-DE6132DFD359}" coords="(0,0,60,60)"/>
          <events title="">
            <event eventType="atClick" isChecked="True">
              <behaviour title="" isChecked="True" isWait="False" isLoop="False" execMode="emParallel">
                <target targetID="08CA3BE3-CA61-4204-A417-2B4B683D4D62" IsNeedReplaceAsSelfID="True" isChecked="True" isAutoRecovery="False" isLoop="False" execMode="emSequence">
                  <command name="Change Visibility" isChecked="True" descrition="">
                    <param name="AniInterpolation" value="1" varType="3" description=""/>
                    <param name="AniDuration" value="200" varType="3" description=""/>
                    <param name="AniAutoReverse" value="False" varType="11" description=""/>
                    <param name="AniLoop" value="False" varType="11" description=""/>
                    <param name="AniInterpolationTypeOut" value="False" varType="11" description=""/>
                    <param name="Delay" value="0" varType="3" description=""/>
                    <param name="ValueFromCurrent" value="True" varType="11" description=""/>
                    <param name="ForceFromInitValue" value="False" varType="11" description=""/>
                    <param name="ForceSetVisible" value="False" varType="11" description=""/>
                    <param name="Value" value="2" varType="3" description=""/>
                    <param name="TerminateLoopByClick" value="True" varType="11" description=""/>
                  </command>
                </target>
              </behaviour>
            </event>
          </events>
        </entry>
        <entry title="%E6%98%AF">
          <area shape="0" alt="" ID="{BF02B87C-47B1-4988-B151-97C670A5528C}" coords="(0,0,60,60)"/>
          <events title="">
            <event eventType="atClick" isChecked="True">
              <behaviour title="" isChecked="True" isWait="False" isLoop="False" execMode="emParallel">
                <target targetID="08CA3BE3-CA61-4204-A417-2B4B683D4D62" IsNeedReplaceAsSelfID="True" isChecked="True" isAutoRecovery="False" isLoop="False" execMode="emSequence">
                  <command name="Change Visibility" isChecked="True" descrition="">
                    <param name="AniInterpolation" value="1" varType="3" description=""/>
                    <param name="AniDuration" value="200" varType="3" description=""/>
                    <param name="AniAutoReverse" value="False" varType="11" description=""/>
                    <param name="AniLoop" value="False" varType="11" description=""/>
                    <param name="AniInterpolationTypeOut" value="False" varType="11" description=""/>
                    <param name="Delay" value="0" varType="3" description=""/>
                    <param name="ValueFromCurrent" value="True" varType="11" description=""/>
                    <param name="ForceFromInitValue" value="False" varType="11" description=""/>
                    <param name="ForceSetVisible" value="False" varType="11" description=""/>
                    <param name="Value" value="2" varType="3" description=""/>
                    <param name="TerminateLoopByClick" value="True" varType="11" description=""/>
                  </command>
                </target>
              </behaviour>
            </event>
          </events>
        </entry>
      </interactiveData>
      <font family="Arial" displayName="Arial" postScript="" weightStyle="Regular" weight="400" isBold="False" isItalic="False"/>
      <text>%E6%8F%90%E7%A4%BA%0D%0A%E7%A1%AE%E5%AE%9A%E8%A6%81%E5%88%A0%E9%99%A4%3F%0D%0A%E5%90%A6%2C%E6%98%AF</text>
      <textSize>14</textSize>
      <lineSpacing>0</lineSpacing>
      <selection>MBNo</selection>
    </control>
    <control controlID="E3C7A1FB-F8BD-4A14-B821-DF5A743A575C" controlTypeID="PopupPanel" x="30" y="204" w="46" h="46" zOrder="10">
      <caption>%E8%A7%84%E5%88%99%E8%AF%A6%E6%83%85%E5%AF%B9%E8%AF%9D%E6%A1%86</caption>
      <color>1892469964</color>
      <groupChildrenDescriptors>
        <control controlID="B0056C85-EA8F-442C-A059-891FCEF24F6C" controlTypeID="Panel" x="0" y="0" w="1366" h="768" zOrder="0">
          <locked>True</locked>
          <color>1892469964</color>
          <borderVisible>False</borderVisible>
          <canMove>False</canMove>
          <alias>background</alias>
          <groupChildrenDescriptors>
            <control controlID="50C29FDE-8D21-4BBF-A74E-F3E4EBACAA20" controlTypeID="Border" x="0" y="0" w="1366" h="768" zOrder="0">
              <caption>%E8%BE%B9%E6%A1%86</caption>
              <borderVisible>False</borderVisible>
              <alias>borderLayer</alias>
            </control>
          </groupChildrenDescriptors>
          <thinkness>1</thinkness>
        </control>
        <control controlID="52DFAF3D-07DD-43C8-A650-15C4B56405B9" controlTypeID="PopupPanelContent" x="88" y="36" w="845" h="649" zOrder="1">
          <color>16777215</color>
          <alias>content</alias>
          <groupChildrenDescriptors>
            <control controlID="A1A374C7-8390-4F47-8777-03786881741A" controlTypeID="Button" x="252" y="621" w="70" h="28" zOrder="0">
              <interactiveData>
                <entry title="">
                  <area shape="0" alt="" ID="{1F2255FF-A609-4B4F-9C7F-856D0E9F31B5}" coords="(0,0,70,28)"/>
                  <events title="">
                    <event eventType="atRightClick" isChecked="True">
                      <behaviour title="" isChecked="True" isWait="False" isLoop="False" execMode="emParallel">
                        <target targetID="E3C7A1FB-F8BD-4A14-B821-DF5A743A575C" isChecked="True" isAutoRecovery="False" isLoop="False" execMode="emSequence">
                          <command name="Popup State Change" isChecked="True" descrition="">
                            <param name="AniInterpolation" value="0" varType="3" description=""/>
                            <param name="AniDuration" value="200" varType="3" description=""/>
                            <param name="AniAutoReverse" value="False" varType="11" description=""/>
                            <param name="AniLoop" value="False" varType="11" description=""/>
                            <param name="AniInterpolationTypeOut" value="False" varType="11" description=""/>
                            <param name="Delay" value="0" varType="3" description=""/>
                            <param name="Value" value="1" varType="3" description=""/>
                            <param name="AniType" value="0" varType="3" description=""/>
                          </command>
                        </target>
                      </behaviour>
                    </event>
                    <event eventType="atClick" isChecked="True">
                      <behaviour title="" isChecked="True" isWait="False" isLoop="False" execMode="emParallel">
                        <target targetID="E3C7A1FB-F8BD-4A14-B821-DF5A743A575C" isChecked="True" isAutoRecovery="False" isLoop="False" execMode="emSequence">
                          <command name="Popup State Change" isChecked="True" descrition="">
                            <param name="AniInterpolation" value="0" varType="3" description=""/>
                            <param name="AniDuration" value="200" varType="3" description=""/>
                            <param name="AniAutoReverse" value="False" varType="11" description=""/>
                            <param name="AniLoop" value="False" varType="11" description=""/>
                            <param name="AniInterpolationTypeOut" value="False" varType="11" description=""/>
                            <param name="Delay" value="0" varType="3" description=""/>
                            <param name="Value" value="1" varType="3" description=""/>
                            <param name="AniType" value="0" varType="3" description=""/>
                          </command>
                        </target>
                      </behaviour>
                    </event>
                  </events>
                </entry>
              </interactiveData>
              <font family="Arial" displayName="Arial" postScript="" weightStyle="Regular" weight="400" isBold="False" isItalic="False"/>
              <text>%E7%A1%AE%E5%AE%9A</text>
              <lineSpacing>0</lineSpacing>
              <selectedIndex>-1</selectedIndex>
              <radius>4</radius>
            </control>
            <control controlID="C54D870D-335D-40EE-9470-3A48A7D1326B" controlTypeID="Button" x="414" y="621" w="70" h="28" zOrder="1">
              <interactiveData>
                <entry title="">
                  <area shape="0" alt="" ID="{4E5A473D-F5E6-4E95-A80A-5EAB8BB988B9}" coords="(0,0,70,28)"/>
                  <events title="">
                    <event eventType="atClick" isChecked="True">
                      <behaviour title="" isChecked="True" isWait="False" isLoop="False" execMode="emParallel">
                        <target targetID="E3C7A1FB-F8BD-4A14-B821-DF5A743A575C" isChecked="True" isAutoRecovery="False" isLoop="False" execMode="emSequence">
                          <command name="Popup State Change" isChecked="True" descrition="">
                            <param name="AniInterpolation" value="0" varType="3" description=""/>
                            <param name="AniDuration" value="200" varType="3" description=""/>
                            <param name="AniAutoReverse" value="False" varType="11" description=""/>
                            <param name="AniLoop" value="False" varType="11" description=""/>
                            <param name="AniInterpolationTypeOut" value="False" varType="11" description=""/>
                            <param name="Delay" value="0" varType="3" description=""/>
                            <param name="Value" value="1" varType="3" description=""/>
                            <param name="AniType" value="0" varType="3" description=""/>
                          </command>
                        </target>
                      </behaviour>
                    </event>
                  </events>
                </entry>
              </interactiveData>
              <font family="Arial" displayName="Arial" postScript="" weightStyle="Regular" weight="400" isBold="False" isItalic="False"/>
              <text>%E5%85%B3%E9%97%AD</text>
              <lineSpacing>0</lineSpacing>
              <selectedIndex>-1</selectedIndex>
              <radius>4</radius>
            </control>
            <control controlID="04882072-69FE-4813-9D9B-65B1BD508562" controlTypeID="Label" x="12" y="7" w="78" h="23" zOrder="2">
              <font family="Arial" displayName="Arial" postScript="" weightStyle="Regular" weight="400" isBold="False" isItalic="False"/>
              <text>%E8%A7%84%E5%88%99%E4%BF%A1%E6%81%AF</text>
              <textSize>18</textSize>
              <lineSpacing>0</lineSpacing>
              <useDefaultTextSize>False</useDefaultTextSize>
              <selectedIndex>-1</selectedIndex>
            </control>
            <control controlID="88FFBAF2-DB8C-40C2-815A-CF93BF8A5337" controlTypeID="LabelTextInput" x="12" y="83" w="220" h="30" zOrder="3">
              <font family="Arial" displayName="Arial" postScript="" weightStyle="Regular" weight="400" isBold="False" isItalic="False"/>
              <text>%E8%A7%84%E5%88%99%E5%90%8D%E7%A7%B0%2C%E6%B5%8B%E8%AF%95%E8%A7%84%E5%88%99%E5%90%8D%E7%A7%B0</text>
              <textSize>14</textSize>
              <lineSpacing>0</lineSpacing>
              <selectedIndex>-1</selectedIndex>
            </control>
            <control controlID="FD409E76-9133-4854-895B-431F74F08882" controlTypeID="LabelTextInput" x="12" y="43" w="220" h="30" zOrder="4">
              <font family="Arial" displayName="Arial" postScript="" weightStyle="Regular" weight="400" isBold="False" isItalic="False"/>
              <text>%E8%A7%84%E5%88%99%E7%BC%96%E5%8F%B7%2C%E8%A7%84%E5%88%99%E7%BC%96%E5%8F%B7</text>
              <textSize>14</textSize>
              <lineSpacing>0</lineSpacing>
              <selectedIndex>-1</selectedIndex>
            </control>
            <control controlID="F92012F5-6D3E-436C-8B2B-1EEF4F83D968" controlTypeID="CompositeComboBox" x="343" y="81" w="200" h="30" zOrder="5">
              <groupChildrenDescriptors>
                <control controlID="966D32E3-E1D6-460A-A9EB-BB2C06C485A0" controlTypeID="TextInput" x="0" y="0" w="177" h="30" zOrder="0">
                  <locked>True</locked>
                  <canMove>False</canMove>
                  <alias>input</alias>
                  <font family="Arial" displayName="Arial" postScript="" weightStyle="Regular" weight="400" isBold="False" isItalic="False" useDefaultFontFamily="False"/>
                  <text>%E6%8C%89%E6%AC%A1%E6%94%B6%E8%B4%B9</text>
                  <lineSpacing>0</lineSpacing>
                  <selectedIndex>-1</selectedIndex>
                </control>
                <control controlID="5BA35343-5144-4489-92B0-1271C0C43269" controlTypeID="Button" x="176" y="0" w="24" h="30" zOrder="1">
                  <locked>True</locked>
                  <canMove>False</canMove>
                  <alias>button</alias>
                  <font family="Arial" displayName="Arial" postScript="" weightStyle="Regular" weight="400" isBold="False" isItalic="False"/>
                  <lineSpacing>0</lineSpacing>
                  <selectedIndex>-1</selectedIndex>
                  <radius>0</radius>
                </control>
                <control controlID="6618ACE5-9F28-4BA9-A87F-62A81A2AB03D" controlTypeID="List" x="0" y="30" w="200" h="122" zOrder="2">
                  <isShow>False</isShow>
                  <canMove>False</canMove>
                  <alias>dropDown</alias>
                  <interactiveData>
                    <entry title="%E6%8C%89%E6%AC%A1%E6%94%B6%E8%B4%B9">
                      <area shape="0" alt="" ID="{8E46EC97-0BCD-411D-A1BA-C3D24DCD0C74}" coords="(1,1,199,31)"/>
                      <events title="">
                        <event eventType="atClick" isChecked="True">
                          <behaviour title="" isChecked="True" isWait="False" isLoop="False" execMode="emParallel">
                            <target targetID="49A91AC3-EAE4-4B59-B249-ED2192E18691" isChecked="True" isAutoRecovery="False" isLoop="False" execMode="emSequence">
                              <command name="Switch Stack Panel" isChecked="True" descrition="">
                                <param name="AniInterpolation" value="0" varType="3" description=""/>
                                <param name="AniDuration" value="200" varType="3" description=""/>
                                <param name="AniAutoReverse" value="False" varType="11" description=""/>
                                <param name="AniLoop" value="False" varType="11" description=""/>
                                <param name="AniInterpolationTypeOut" value="False" varType="11" description=""/>
                                <param name="Delay" value="0" varType="3" description=""/>
                                <param name="SelecedIndex" value="1" varType="3" description=""/>
                              </command>
                            </target>
                          </behaviour>
                        </event>
                      </events>
                    </entry>
                    <entry title="%E6%8C%89%E6%97%B6%E6%94%B6%E8%B4%B9">
                      <area shape="0" alt="" ID="{F75FB288-6E85-452B-93D6-2A2EF6E48016}" coords="(1,31,199,61)"/>
                      <events title="">
                        <event eventType="atClick" isChecked="True">
                          <behaviour title="" isChecked="True" isWait="False" isLoop="False" execMode="emParallel">
                            <target targetID="49A91AC3-EAE4-4B59-B249-ED2192E18691" isChecked="True" isAutoRecovery="False" isLoop="False" execMode="emSequence">
                              <command name="Switch Stack Panel" isChecked="True" descrition="">
                                <param name="AniInterpolation" value="0" varType="3" description=""/>
                                <param name="AniDuration" value="200" varType="3" description=""/>
                                <param name="AniAutoReverse" value="False" varType="11" description=""/>
                                <param name="AniLoop" value="False" varType="11" description=""/>
                                <param name="AniInterpolationTypeOut" value="False" varType="11" description=""/>
                                <param name="Delay" value="0" varType="3" description=""/>
                                <param name="SelecedIndex" value="0" varType="3" description=""/>
                              </command>
                            </target>
                          </behaviour>
                        </event>
                      </events>
                    </entry>
                    <entry title="%E6%97%A5%E5%A4%9C%E6%97%B6%E5%88%86%E6%94%B6%E8%B4%B9">
                      <area shape="0" alt="" ID="{B5FD0404-AE5B-46CC-9BB5-C1EEF3218F0A}" coords="(1,61,199,91)"/>
                      <events title="">
                        <event eventType="atClick" isChecked="True">
                          <behaviour title="" isChecked="True" isWait="False" isLoop="False" execMode="emParallel">
                            <target targetID="49A91AC3-EAE4-4B59-B249-ED2192E18691" isChecked="True" isAutoRecovery="False" isLoop="False" execMode="emSequence">
                              <command name="Switch Stack Panel" isChecked="True" descrition="">
                                <param name="AniInterpolation" value="0" varType="3" description=""/>
                                <param name="AniDuration" value="200" varType="3" description=""/>
                                <param name="AniAutoReverse" value="False" varType="11" description=""/>
                                <param name="AniLoop" value="False" varType="11" description=""/>
                                <param name="AniInterpolationTypeOut" value="False" varType="11" description=""/>
                                <param name="Delay" value="0" varType="3" description=""/>
                                <param name="SelecedIndex" value="2" varType="3" description=""/>
                              </command>
                            </target>
                          </behaviour>
                        </event>
                      </events>
                    </entry>
                    <entry title="%E5%85%8D%E8%B4%B9">
                      <area shape="0" alt="" ID="{5F3A3E8A-E543-4B0B-87D4-F7C52CECAA7E}" coords="(1,91,199,121)"/>
                      <events title="">
                        <event eventType="atClick" isChecked="True">
                          <behaviour title="" isChecked="True" isWait="False" isLoop="False" execMode="emParallel">
                            <target targetID="49A91AC3-EAE4-4B59-B249-ED2192E18691" isChecked="True" isAutoRecovery="False" isLoop="False" execMode="emSequence">
                              <command name="Switch Stack Panel" isChecked="True" descrition="">
                                <param name="AniInterpolation" value="0" varType="3" description=""/>
                                <param name="AniDuration" value="200" varType="3" description=""/>
                                <param name="AniAutoReverse" value="False" varType="11" description=""/>
                                <param name="AniLoop" value="False" varType="11" description=""/>
                                <param name="AniInterpolationTypeOut" value="False" varType="11" description=""/>
                                <param name="Delay" value="0" varType="3" description=""/>
                                <param name="SelecedIndex" value="3" varType="3" description=""/>
                              </command>
                            </target>
                          </behaviour>
                        </event>
                      </events>
                    </entry>
                  </interactiveData>
                  <font family="Arial" displayName="Arial" postScript="" weightStyle="Regular" weight="400" isBold="False" isItalic="False" useDefaultFontFamily="False"/>
                  <text>%E6%8C%89%E6%AC%A1%E6%94%B6%E8%B4%B9%0D%0A%E6%8C%89%E6%97%B6%E6%94%B6%E8%B4%B9%0D%0A%E6%97%A5%E5%A4%9C%E6%97%B6%E5%88%86%E6%94%B6%E8%B4%B9%0D%0A%E5%85%8D%E8%B4%B9</text>
                  <textSize>14</textSize>
                  <lineSpacing>0</lineSpacing>
                  <itemHeight>30</itemHeight>
                  <interlaceColor>4294967295</interlaceColor>
                </control>
              </groupChildrenDescriptors>
              <baseHeight>30</baseHeight>
              <font family="Arial"/>
              <textSize>14</textSize>
            </control>
            <control controlID="712880DB-35F8-4F51-A9C9-5FE5AA814C77" controlTypeID="VRule" x="0" y="0" w="12" h="37" zOrder="6"/>
            <control controlID="B31B1DD5-DF40-457B-AD60-BF977DE98D6C" controlTypeID="CompositeComboBox" x="659" y="81" w="155" h="30" zOrder="7">
              <groupChildrenDescriptors>
                <control controlID="12D4091F-C62E-403C-A6EE-D426C73D865D" controlTypeID="TextInput" x="0" y="0" w="132" h="30" zOrder="0">
                  <locked>True</locked>
                  <canMove>False</canMove>
                  <alias>input</alias>
                  <font family="Arial" displayName="Arial" postScript="" weightStyle="Regular" weight="400" isBold="False" isItalic="False" useDefaultFontFamily="False"/>
                  <text>%E4%B8%80%E7%BA%A7%E5%81%9C%E8%BD%A6%E5%9C%BA</text>
                  <lineSpacing>0</lineSpacing>
                  <selectedIndex>-1</selectedIndex>
                </control>
                <control controlID="C7289BDE-7EF3-4E51-A4FC-887EFC0C0DA4" controlTypeID="Button" x="131" y="0" w="24" h="30" zOrder="1">
                  <locked>True</locked>
                  <canMove>False</canMove>
                  <alias>button</alias>
                  <font family="Arial" displayName="Arial" postScript="" weightStyle="Regular" weight="400" isBold="False" isItalic="False"/>
                  <lineSpacing>0</lineSpacing>
                  <selectedIndex>-1</selectedIndex>
                  <radius>0</radius>
                </control>
                <control controlID="B715DE95-99F6-4875-A7AD-6AB8B4B5BB33" controlTypeID="List" x="0" y="30" w="155" h="98" zOrder="2">
                  <isShow>False</isShow>
                  <canMove>False</canMove>
                  <alias>dropDown</alias>
                  <font family="Arial" displayName="Arial" postScript="" weightStyle="Regular" weight="400" isBold="False" isItalic="False" useDefaultFontFamily="False"/>
                  <text>%E4%B8%80%E7%BA%A7%E5%81%9C%E8%BD%A6%E5%9C%BA%0D%0A%E4%BA%8C%E7%BA%A7%E5%81%9C%E8%BD%A6%E5%9C%BA%0D%0A%E4%B8%89%E7%BA%A7%E5%81%9C%E8%BD%A6%E5%9C%BA%0D%0A%E5%9B%9B%E7%BA%A7%E5%81%9C%E8%BD%A6%E5%9C%BA</text>
                  <textSize>14</textSize>
                  <lineSpacing>0</lineSpacing>
                  <itemHeight>30</itemHeight>
                  <interlaceColor>4294967295</interlaceColor>
                </control>
              </groupChildrenDescriptors>
              <baseHeight>30</baseHeight>
              <font family="Arial"/>
              <textSize>14</textSize>
            </control>
            <control controlID="B21E085C-8B2C-4A46-BD06-776C33D2AA4A" controlTypeID="Label" x="282" y="86" w="61" h="18" zOrder="8">
              <font family="Arial" displayName="Arial" postScript="" weightStyle="Regular" weight="400" isBold="False" isItalic="False"/>
              <text>%E8%A7%84%E5%88%99%E7%B1%BB%E5%9E%8B</text>
              <lineSpacing>0</lineSpacing>
              <selectedIndex>-1</selectedIndex>
            </control>
            <control controlID="1561A3C5-FE8F-4F9F-9F90-7279FD3A40EB" controlTypeID="Label" x="563" y="84" w="75" h="18" zOrder="9">
              <font family="Arial" displayName="Arial" postScript="" weightStyle="Regular" weight="400" isBold="False" isItalic="False"/>
              <text>%E5%81%9C%E8%BD%A6%E5%9C%BA%E7%AD%89%E7%BA%A7</text>
              <lineSpacing>0</lineSpacing>
              <selectedIndex>-1</selectedIndex>
            </control>
            <control controlID="C1C7F751-DB52-4B3A-9735-6B90838A3613" controlTypeID="CompositeComboBox" x="73" y="135" w="166" h="30" zOrder="10">
              <groupChildrenDescriptors>
                <control controlID="468CA8C4-4F33-4819-B4C6-E361CC792090" controlTypeID="TextInput" x="0" y="0" w="143" h="30" zOrder="0">
                  <locked>True</locked>
                  <canMove>False</canMove>
                  <alias>input</alias>
                  <font family="Arial" displayName="Arial" postScript="" weightStyle="Regular" weight="400" isBold="False" isItalic="False" useDefaultFontFamily="False"/>
                  <text>%E5%B0%8F%E5%9E%8B%E8%BD%A6</text>
                  <lineSpacing>0</lineSpacing>
                  <selectedIndex>-1</selectedIndex>
                </control>
                <control controlID="E2DE00DE-55A3-482A-BBC6-C69E76E7E2A1" controlTypeID="Button" x="142" y="0" w="24" h="30" zOrder="1">
                  <locked>True</locked>
                  <canMove>False</canMove>
                  <alias>button</alias>
                  <font family="Arial" displayName="Arial" postScript="" weightStyle="Regular" weight="400" isBold="False" isItalic="False"/>
                  <lineSpacing>0</lineSpacing>
                  <selectedIndex>-1</selectedIndex>
                  <radius>0</radius>
                </control>
                <control controlID="3BAB3A2F-9F0E-4109-BAA7-9DD476239DC8" controlTypeID="List" x="0" y="30" w="166" h="74" zOrder="2">
                  <isShow>False</isShow>
                  <canMove>False</canMove>
                  <alias>dropDown</alias>
                  <font family="Arial" displayName="Arial" postScript="" weightStyle="Regular" weight="400" isBold="False" isItalic="False" useDefaultFontFamily="False"/>
                  <text>%E5%B0%8F%E5%9E%8B%E8%BD%A6%0D%0A%E5%A4%A7%E5%9E%8B%E8%BD%A6%0D%0A%E5%85%B6%E4%BB%96%0D%0A</text>
                  <textSize>14</textSize>
                  <lineSpacing>0</lineSpacing>
                  <itemHeight>30</itemHeight>
                  <interlaceColor>4294967295</interlaceColor>
                </control>
              </groupChildrenDescriptors>
              <baseHeight>30</baseHeight>
              <font family="Arial"/>
              <textSize>14</textSize>
            </control>
            <control controlID="3A313BC8-7CDB-44A9-B7D9-334C6BDEE066" controlTypeID="Label" x="12" y="138" w="61" h="18" zOrder="11">
              <font family="Arial" displayName="Arial" postScript="" weightStyle="Regular" weight="400" isBold="False" isItalic="False"/>
              <text>%E8%BD%A6%E8%BE%86%E7%B1%BB%E5%9E%8B</text>
              <lineSpacing>0</lineSpacing>
              <selectedIndex>-1</selectedIndex>
            </control>
            <control controlID="02BC44ED-5D41-4110-A994-A39F3A36D6A6" controlTypeID="CompositeComboBox" x="352" y="129" w="200" h="30" zOrder="12">
              <groupChildrenDescriptors>
                <control controlID="E9C56A8C-2B7D-42B3-85EE-A296C1A90B0A" controlTypeID="TextInput" x="0" y="0" w="177" h="30" zOrder="0">
                  <locked>True</locked>
                  <canMove>False</canMove>
                  <alias>input</alias>
                  <font family="Arial" displayName="Arial" postScript="" weightStyle="Regular" weight="400" isBold="False" isItalic="False" useDefaultFontFamily="False"/>
                  <text>%E5%B0%8F%E5%9E%8B%E6%B1%BD%E8%BD%A6%E5%8F%B7%E7%89%8C</text>
                  <lineSpacing>0</lineSpacing>
                  <selectedIndex>-1</selectedIndex>
                </control>
                <control controlID="4B75BB6D-3627-4C82-86E6-54C1BFB283C7" controlTypeID="Button" x="176" y="0" w="24" h="30" zOrder="1">
                  <locked>True</locked>
                  <canMove>False</canMove>
                  <alias>button</alias>
                  <font family="Arial" displayName="Arial" postScript="" weightStyle="Regular" weight="400" isBold="False" isItalic="False"/>
                  <lineSpacing>0</lineSpacing>
                  <selectedIndex>-1</selectedIndex>
                  <radius>0</radius>
                </control>
                <control controlID="A84A5C99-8313-4ECE-945C-DA2133B48FFC" controlTypeID="List" x="0" y="30" w="200" h="62" zOrder="2">
                  <isShow>False</isShow>
                  <canMove>False</canMove>
                  <alias>dropDown</alias>
                  <font family="Arial" displayName="Arial" postScript="" weightStyle="Regular" weight="400" isBold="False" isItalic="False" useDefaultFontFamily="False"/>
                  <text>%E5%B0%8F%E5%9E%8B%E6%B1%BD%E8%BD%A6%E5%8F%B7%E7%89%8C%0D%0A%E5%A4%A7%E5%9E%8B%E5%9E%8B%E6%B1%BD%E8%BD%A6%E5%8F%B7%E7%89%8C%0D%0A</text>
                  <textSize>14</textSize>
                  <lineSpacing>0</lineSpacing>
                  <itemHeight>30</itemHeight>
                  <interlaceColor>4294967295</interlaceColor>
                </control>
              </groupChildrenDescriptors>
              <baseHeight>30</baseHeight>
              <font family="Arial"/>
              <textSize>14</textSize>
            </control>
            <control controlID="84755A80-C210-4AD1-9D26-B1900ECC8885" controlTypeID="Label" x="281" y="141" w="61" h="18" zOrder="13">
              <font family="Arial" displayName="Arial" postScript="" weightStyle="Regular" weight="400" isBold="False" isItalic="False"/>
              <text>%E8%BD%A6%E7%89%8C%E7%B1%BB%E5%9E%8B</text>
              <lineSpacing>0</lineSpacing>
              <selectedIndex>-1</selectedIndex>
            </control>
            <control controlID="B93C9CD7-8C1C-4D0D-B923-5C5438EB1C6C" controlTypeID="CompositeComboBox" x="623" y="138" w="200" h="30" zOrder="14">
              <groupChildrenDescriptors>
                <control controlID="07741752-C74B-442F-9488-A8B0909DC1CF" controlTypeID="TextInput" x="0" y="0" w="177" h="30" zOrder="0">
                  <locked>True</locked>
                  <canMove>False</canMove>
                  <alias>input</alias>
                  <font family="Arial" displayName="Arial" postScript="" weightStyle="Regular" weight="400" isBold="False" isItalic="False" useDefaultFontFamily="False"/>
                  <text>%E6%9D%A1%E7%9B%AE%E4%B8%80</text>
                  <lineSpacing>0</lineSpacing>
                  <selectedIndex>-1</selectedIndex>
                </control>
                <control controlID="5C7ADE6D-30EE-44A8-AB81-4F367EA1B3D6" controlTypeID="Button" x="176" y="0" w="24" h="30" zOrder="1">
                  <locked>True</locked>
                  <canMove>False</canMove>
                  <alias>button</alias>
                  <font family="Arial" displayName="Arial" postScript="" weightStyle="Regular" weight="400" isBold="False" isItalic="False"/>
                  <lineSpacing>0</lineSpacing>
                  <selectedIndex>-1</selectedIndex>
                  <radius>0</radius>
                </control>
                <control controlID="B354FF13-64B7-42F6-943D-6E1F8E841971" controlTypeID="List" x="0" y="30" w="200" h="122" zOrder="2">
                  <isShow>False</isShow>
                  <canMove>False</canMove>
                  <alias>dropDown</alias>
                  <font family="Arial" displayName="Arial" postScript="" weightStyle="Regular" weight="400" isBold="False" isItalic="False" useDefaultFontFamily="False"/>
                  <text>%E6%9D%A1%E7%9B%AE%E4%B8%80%0D%0A%E6%9D%A1%E7%9B%AE%E4%BA%8C%0D%0A%E6%9D%A1%E7%9B%AE%E4%B8%89%0D%0A%E6%9D%A1%E7%9B%AE%E5%9B%9B</text>
                  <textSize>14</textSize>
                  <lineSpacing>0</lineSpacing>
                  <itemHeight>30</itemHeight>
                  <interlaceColor>4294967295</interlaceColor>
                </control>
              </groupChildrenDescriptors>
              <baseHeight>30</baseHeight>
              <font family="Arial"/>
              <textSize>14</textSize>
            </control>
            <control controlID="D7C24F72-7857-4013-8940-672B9581C790" controlTypeID="Label" x="562" y="141" w="61" h="18" zOrder="15">
              <font family="Arial" displayName="Arial" postScript="" weightStyle="Regular" weight="400" isBold="False" isItalic="False"/>
              <text>%E5%81%87%E6%9C%9F%E7%B1%BB%E5%9E%8B</text>
              <lineSpacing>0</lineSpacing>
              <selectedIndex>-1</selectedIndex>
            </control>
            <control controlID="49A91AC3-EAE4-4B59-B249-ED2192E18691" controlTypeID="ContentPanel" x="12" y="187" w="833" h="419" zOrder="16">
              <color>4291611852</color>
              <groupChildrenDescriptors>
                <control controlID="5DC7FC1E-E52D-4103-B419-C6B8E4BD0D48" controlTypeID="ScrollArea" x="0" y="0" w="833" h="419" zOrder="0">
                  <caption>%E6%8C%89%E6%97%B6%E6%94%B6%E8%B4%B9%E8%A7%84%E5%88%99%E8%AF%A6%E6%83%85</caption>
                  <color>4291611852</color>
                  <canMove>False</canMove>
                  <alias>%E6%8C%89%E6%97%B6%E6%94%B6%E8%B4%B9%E8%A7%84%E5%88%99%E8%AF%A6%E6%83%85</alias>
                  <groupChildrenDescriptors>
                    <control controlID="7686EAAC-0645-42DE-AA2A-7EC78C63C0AB" controlTypeID="ScrollViewPort" x="0" y="0" w="300" h="300" zOrder="0">
                      <caption>ScrollViewPort</caption>
                      <alias>viewPort</alias>
                      <links eventType="AtClick" animate="AmNone" animateAutoDelay="0" animateDuration="500">
                        <link targetPageID="85050708-944A-4589-87A4-3C81DF902E75" linkType="ltIncludePage" isApplyIncludePage="True" title="%E9%93%BE%E6%8E%A5">
                          <area shape="0" alt="" ID="{4C71138F-8835-4BF4-BFA7-7109051652C5}" coords="(0,0,300,300)"/>
                        </link>
                      </links>
                    </control>
                  </groupChildrenDescriptors>
                </control>
                <control controlID="3DCA5382-B715-4FD1-8E77-43F8F6CE702F" controlTypeID="ScrollArea" x="0" y="0" w="833" h="419" zOrder="1">
                  <caption>%E6%8C%89%E6%AC%A1%E6%94%B6%E8%B4%B9%E8%A7%84%E5%88%99%E8%AF%A6%E6%83%85</caption>
                  <color>4291611852</color>
                  <canMove>False</canMove>
                  <alias>%E6%8C%89%E6%AC%A1%E6%94%B6%E8%B4%B9%E8%A7%84%E5%88%99%E8%AF%A6%E6%83%85</alias>
                  <groupChildrenDescriptors>
                    <control controlID="9A0A8FE4-0844-436C-AD3A-F0CA57C5F28F" controlTypeID="ScrollViewPort" x="0" y="0" w="300" h="300" zOrder="0">
                      <caption>ScrollViewPort</caption>
                      <alias>viewPort</alias>
                      <links eventType="AtClick" animate="AmNone" animateAutoDelay="0" animateDuration="500">
                        <link targetPageID="50E4020F-474E-4BC6-A7DC-A58B5F4FCBD2" linkType="ltIncludePage" isApplyIncludePage="True" title="%E9%93%BE%E6%8E%A5">
                          <area shape="0" alt="" ID="{A75A8930-5C29-42A4-A007-92DF222E82FF}" coords="(0,0,300,300)"/>
                        </link>
                      </links>
                    </control>
                  </groupChildrenDescriptors>
                </control>
                <control controlID="74FAE911-C278-41C4-BD01-52A975CA0620" controlTypeID="ScrollArea" x="0" y="0" w="833" h="419" zOrder="2">
                  <caption>%E6%97%A5%E5%A4%9C%E6%97%B6%E5%88%86%E8%AE%A1%E8%B4%B9</caption>
                  <color>4291611852</color>
                  <canMove>False</canMove>
                  <alias>%E6%97%A5%E5%A4%9C%E6%97%B6%E5%88%86%E8%AE%A1%E8%B4%B9</alias>
                  <groupChildrenDescriptors>
                    <control controlID="12132D7F-D0C6-4E48-8DBA-CAEF13572B98" controlTypeID="ScrollViewPort" x="0" y="0" w="300" h="300" zOrder="0">
                      <caption>ScrollViewPort</caption>
                      <alias>viewPort</alias>
                      <links eventType="AtClick" animate="AmNone" animateAutoDelay="0" animateDuration="500">
                        <link targetPageID="5D206FE0-B8BE-400A-A6AB-9116853469CB" linkType="ltIncludePage" isApplyIncludePage="True" title="%E9%93%BE%E6%8E%A5">
                          <area shape="0" alt="" ID="{159CE8B1-D056-4E00-8438-51A80B5DFF63}" coords="(0,0,300,300)"/>
                        </link>
                      </links>
                    </control>
                  </groupChildrenDescriptors>
                </control>
                <control controlID="03905A63-84EC-4089-B857-3545E5CAC66B" controlTypeID="ScrollArea" x="0" y="0" w="833" h="419" zOrder="3">
                  <caption>%E5%85%8D%E8%B4%B9</caption>
                  <color>4291611852</color>
                  <canMove>False</canMove>
                  <alias>%E5%85%8D%E8%B4%B9</alias>
                  <groupChildrenDescriptors>
                    <control controlID="736B8EA6-44DB-4204-AAA0-D580456C4527" controlTypeID="ScrollViewPort" x="0" y="0" w="300" h="300" zOrder="0">
                      <caption>ScrollViewPort</caption>
                      <alias>viewPort</alias>
                      <links eventType="AtClick" animate="AmNone" animateAutoDelay="0" animateDuration="500">
                        <link targetPageID="16496297-5F20-4AAF-92C0-B22226FD9A29" linkType="ltIncludePage" isApplyIncludePage="True" title="%E9%93%BE%E6%8E%A5">
                          <area shape="0" alt="" ID="{ED01DFB0-F26B-493B-B05A-4B404E7B0BE1}" coords="(0,0,300,300)"/>
                        </link>
                      </links>
                    </control>
                  </groupChildrenDescriptors>
                </control>
              </groupChildrenDescriptors>
              <selectedIndex>1</selectedIndex>
              <canHoriScroll>True</canHoriScroll>
            </control>
          </groupChildrenDescriptors>
        </control>
      </groupChildrenDescriptors>
      <isBackgroundFade>True</isBackgroundFade>
      <closeByClickMode>cmNone</closeByClickMode>
      <isShowBackground>True</isShowBackground>
      <positionPolicy>ppSourceCom</positionPolicy>
    </control>
  </controls>
  <param>
    <backgroundColor>4294967295</backgroundColor>
    <fontSize>14</fontSize>
    <fontFamily>Arial</fontFamily>
    <guideLines/>
  </param>
</mockup>