﻿<mockup version="5.1" minAllowVersion="5.1" ID="50E4020F-474E-4BC6-A7DC-A58B5F4FCBD2" platform="MtWeb" defaultW="1366" defaultH="768" measureW="880" measureH="600" mobileScreenScale="0">
  <controls controlCount="5">
    <control controlID="91612297-E769-4990-9544-4252C0C415D3" controlTypeID="LabelTextInput" x="12" y="53" w="280" h="24" zOrder="0">
      <font family="Arial" displayName="Arial" postScript="" weightStyle="Regular" weight="400" isBold="False" isItalic="False"/>
      <text>%E5%8D%95%E6%AC%A1%E9%87%91%E9%A2%9D%2C30</text>
      <textSize>14</textSize>
      <lineSpacing>0</lineSpacing>
      <selectedIndex>-1</selectedIndex>
    </control>
    <control controlID="D45D8BBA-4006-429A-A7B6-AAE9F358E5FB" controlTypeID="Label" x="12" y="6" w="78" h="23" zOrder="1">
      <font family="Arial" displayName="Arial" postScript="" weightStyle="Regular" weight="400" isBold="False" isItalic="False"/>
      <text>%E8%A7%84%E5%88%99%E4%BF%A1%E6%81%AF</text>
      <textSize>18</textSize>
      <lineSpacing>0</lineSpacing>
      <useDefaultTextSize>False</useDefaultTextSize>
      <selectedIndex>-1</selectedIndex>
    </control>
    <control controlID="39727DFE-5215-474A-9BB6-1E8C90DE30CA" controlTypeID="VRule" x="0" y="0" w="12" h="37" zOrder="2"/>
    <control controlID="5E18A185-832B-4C9E-97C7-6005B23BDF23" controlTypeID="TextArea" x="71" y="95" w="493" h="74" zOrder="3">
      <font family="Arial" displayName="Arial" postScript="" weightStyle="Regular" weight="400" isBold="False" isItalic="False"/>
      <text>%E8%A7%84%E5%88%99%E6%8F%8F%E8%BF%B0******P*UWLIURWLUFI</text>
      <selectedIndex>-1</selectedIndex>
    </control>
    <control controlID="F4D7D04F-DFAF-4BCA-B5F8-677B7C71D439" controlTypeID="Label" x="0" y="95" w="61" h="18" zOrder="4">
      <font family="Arial" displayName="Arial" postScript="" weightStyle="Regular" weight="400" isBold="False" isItalic="False"/>
      <text>%E8%A7%84%E5%88%99%E6%8F%8F%E8%BF%B0</text>
      <lineSpacing>0</lineSpacing>
      <selectedIndex>-1</selectedIndex>
    </control>
  </controls>
  <param>
    <backgroundColor>4294967295</backgroundColor>
    <fontSize>14</fontSize>
    <fontFamily>Arial</fontFamily>
    <guideLines/>
  </param>
</mockup>