﻿<mockup version="5.1" minAllowVersion="5.1" ID="52FD9E01-03BB-4A58-AB9B-936E370EAA41" platform="MtWeb" defaultW="1366" defaultH="768" measureW="1366" measureH="768" mobileScreenScale="0">
  <controls controlCount="8">
    <control controlID="1B65BFF3-608B-4959-B12D-756E627EB350" controlTypeID="Shape" x="204" y="97" w="640" h="420" zOrder="0">
      <caption>Shape</caption>
      <color>4284914073</color>
      <borderColor>4294967295</borderColor>
      <borderVisible>False</borderVisible>
      <font family="Arial" displayName="Arial" postScript="" weightStyle="Regular" weight="400" isBold="False" isItalic="False"/>
      <textSize>14</textSize>
      <selectedIndex>-1</selectedIndex>
      <radius>8</radius>
    </control>
    <control controlID="7462770B-E460-412B-9B98-6E5BFA7A9A79" controlTypeID="Label" x="459" y="128" w="56" h="31" zOrder="1">
      <caption>Label</caption>
      <font family="Arial" displayName="Arial" postScript="" weightStyle="Regular" weight="400" isBold="False" isItalic="False"/>
      <text>%E7%99%BB%E5%BD%95</text>
      <textColor>4288256409</textColor>
      <textSize>24</textSize>
      <textVAlign>VaTop</textVAlign>
      <lineSpacing>0</lineSpacing>
      <useDefaultTextSize>False</useDefaultTextSize>
      <selectedIndex>-1</selectedIndex>
    </control>
    <control controlID="6B71AA43-68E6-4875-84F8-056966360D0A" controlTypeID="Label" x="399" y="342" w="61" h="18" zOrder="2">
      <states>
        <state propName="TextColor" stateType="state_mouseOver" isChecked="True" value="4281545523" varType="20"/>
      </states>
      <caption>Label</caption>
      <font family="Arial" displayName="Arial" postScript="" weightStyle="Regular" weight="400" isBold="False" isItalic="False"/>
      <text>%E6%89%BE%E5%9B%9E%E5%AF%86%E7%A0%81</text>
      <textColor>4288256409</textColor>
      <textVAlign>VaTop</textVAlign>
      <lineSpacing>0</lineSpacing>
      <selectedIndex>-1</selectedIndex>
    </control>
    <control controlID="996A694F-9BFC-454F-92C9-05D119AB8C6D" controlTypeID="TextInput" x="386" y="188" w="257" h="36" zOrder="3">
      <caption>Text+Input</caption>
      <borderColor>4291611852</borderColor>
      <font family="Arial" displayName="Arial" postScript="" weightStyle="Regular" weight="400" isBold="False" isItalic="False"/>
      <text>%E7%94%A8%E6%88%B7%E5%90%8D</text>
      <textColor>4288256409</textColor>
      <lineSpacing>0</lineSpacing>
      <selectedIndex>-1</selectedIndex>
    </control>
    <control controlID="F65F7EDC-94C4-4CA6-8934-7DAA64FFE306" controlTypeID="TextInput" x="384" y="272" w="260" h="36" zOrder="4">
      <caption>Text+Input</caption>
      <borderColor>4291611852</borderColor>
      <font family="Arial" displayName="Arial" postScript="" weightStyle="Regular" weight="400" isBold="False" isItalic="False"/>
      <text>%E5%AF%86%E7%A0%81</text>
      <textColor>4288256409</textColor>
      <lineSpacing>0</lineSpacing>
      <selectedIndex>-1</selectedIndex>
    </control>
    <control controlID="1E954AF1-6CBC-42F3-8393-82A35CF52ECB" controlTypeID="Button" x="467" y="386" w="114" h="33" zOrder="5">
      <states>
        <state propName="Color" stateType="state_mouseOver" isChecked="True" value="4284900966" varType="20"/>
      </states>
      <caption>Button</caption>
      <color>4288256409</color>
      <borderVisible>False</borderVisible>
      <links eventType="AtClick" animate="AmNone" animateAutoDelay="0" animateDuration="500">
        <link targetPageID="4F49D754-E222-4F1E-A1B2-879183DE228F" linkType="ltPageLink" isApplyIncludePage="False" title="%E6%94%B6%E8%B4%B9%E8%A7%84%E5%88%99">
          <area shape="0" alt="" ID="{254E167D-13FB-491A-A02F-565FE2803DB4}" coords="(0,0,114,33)"/>
        </link>
      </links>
      <font family="Arial" displayName="Arial" postScript="" weightStyle="Regular" weight="400" isBold="False" isItalic="False"/>
      <text>%E7%99%BB%E5%BD%95</text>
      <textColor>4294967295</textColor>
      <lineSpacing>0</lineSpacing>
      <selectedIndex>-1</selectedIndex>
      <radius>4</radius>
    </control>
    <control controlID="45B62600-271D-46F4-8AB9-EA0D2B9D08B6" controlTypeID="Icon" x="612" y="200" w="24" h="24" zOrder="6">
      <icon>
        <ID/>
        <iconFontName>jdiconfontB</iconFontName>
        <iconCode>59648</iconCode>
      </icon>
      <URL>42CF9E031360EBC09387427849BF6328.svg</URL>
    </control>
    <control controlID="40C35020-7E39-4FE1-B42D-775F8FF74D5A" controlTypeID="Icon" x="596" y="278" w="24" h="24" zOrder="7">
      <icon>
        <ID/>
        <iconFontName>jdIonicons</iconFontName>
        <iconCode>61952</iconCode>
      </icon>
      <URL>2EDFE8F00FF04D4364438E8290169BC1.svg</URL>
    </control>
  </controls>
  <param>
    <backgroundColor>4294967295</backgroundColor>
    <fontSize>14</fontSize>
    <fontFamily>Arial</fontFamily>
    <guideLines/>
    <remark>%E7%94%A8%E6%88%B7%E7%99%BB%E5%BD%95%E9%A1%B5%E9%9D%A2</remark>
  </param>
</mockup>