﻿<mockup version="5.1" minAllowVersion="5.1" ID="5D206FE0-B8BE-400A-A6AB-9116853469CB" platform="MtWeb" defaultW="1366" defaultH="768" measureW="1366" measureH="768" mobileScreenScale="0">
  <controls controlCount="24">
    <control controlID="247704A7-E2FC-44F9-B9BA-7F12E69D92CA" controlTypeID="Label" x="12" y="6" w="150" h="23" zOrder="0">
      <font family="Arial" displayName="Arial" postScript="" weightStyle="Regular" weight="400" isBold="False" isItalic="False"/>
      <text>%E6%8C%89%E6%97%B6%E6%94%B6%E8%B4%B9%E8%A7%84%E5%88%99%E4%BF%A1%E6%81%AF</text>
      <textSize>18</textSize>
      <lineSpacing>0</lineSpacing>
      <useDefaultTextSize>False</useDefaultTextSize>
      <selectedIndex>-1</selectedIndex>
    </control>
    <control controlID="9A054E47-E29B-4BF8-B479-25F2953018E2" controlTypeID="VRule" x="0" y="0" w="12" h="37" zOrder="1"/>
    <control controlID="405172EB-4E8C-4D4E-9335-2AEB13E2EB3E" controlTypeID="DateTimePicker" x="157" y="55" w="96" h="24" zOrder="2">
      <font family="Arial" displayName="Arial" postScript="" weightStyle="Regular" weight="400" isBold="False" isItalic="False"/>
      <text>03+%2F+10+%2F+2014</text>
      <textSize>14</textSize>
      <lineSpacing>0</lineSpacing>
      <selectedIndex>-1</selectedIndex>
    </control>
    <control controlID="EFEBCEBA-1D18-4552-9DE6-24690795DCC6" controlTypeID="Label" x="35" y="55" w="61" h="18" zOrder="3">
      <font family="Arial" displayName="Arial" postScript="" weightStyle="Regular" weight="400" isBold="False" isItalic="False"/>
      <text>%E5%BC%80%E5%A7%8B%E6%97%B6%E9%97%B4</text>
      <lineSpacing>0</lineSpacing>
      <selectedIndex>-1</selectedIndex>
    </control>
    <control controlID="7394964A-05FD-4CF5-8F25-E92B30744D2A" controlTypeID="DateTimePicker" x="420" y="52" w="96" h="24" zOrder="4">
      <font family="Arial" displayName="Arial" postScript="" weightStyle="Regular" weight="400" isBold="False" isItalic="False"/>
      <text>03+%2F+10+%2F+2014</text>
      <textSize>14</textSize>
      <lineSpacing>0</lineSpacing>
      <selectedIndex>-1</selectedIndex>
    </control>
    <control controlID="79B1151D-E3DC-4B44-B7A0-ACDC85CB4059" controlTypeID="Label" x="300" y="55" w="61" h="18" zOrder="5">
      <font family="Arial" displayName="Arial" postScript="" weightStyle="Regular" weight="400" isBold="False" isItalic="False"/>
      <text>%E7%BB%93%E6%9D%9F%E6%97%B6%E9%97%B4</text>
      <lineSpacing>0</lineSpacing>
      <selectedIndex>-1</selectedIndex>
    </control>
    <control controlID="9E282117-2B2F-444E-B3D6-EF1976CA27A7" controlTypeID="TextArea" x="83" y="526" w="493" h="74" zOrder="6">
      <font family="Arial" displayName="Arial" postScript="" weightStyle="Regular" weight="400" isBold="False" isItalic="False"/>
      <text>%E8%A7%84%E5%88%99%E6%8F%8F%E8%BF%B0******P*UWLIURWLUFI</text>
      <selectedIndex>-1</selectedIndex>
    </control>
    <control controlID="904CC15E-7D4F-4811-A799-82E6BE9A0A5D" controlTypeID="Label" x="12" y="526" w="61" h="18" zOrder="7">
      <font family="Arial" displayName="Arial" postScript="" weightStyle="Regular" weight="400" isBold="False" isItalic="False"/>
      <text>%E8%A7%84%E5%88%99%E6%8F%8F%E8%BF%B0</text>
      <lineSpacing>0</lineSpacing>
      <selectedIndex>-1</selectedIndex>
    </control>
    <control controlID="15EBB36E-89B1-4A98-880E-4CDBCF6EA71C" controlTypeID="Table" x="20" y="148" w="540" h="90" zOrder="8">
      <font family="Arial" displayName="Arial" postScript="" weightStyle="Regular" weight="400" isBold="False" isItalic="False"/>
      <text>%E8%A1%A8%E6%A0%BC</text>
      <textSize>14</textSize>
      <textAlign>HaCenter</textAlign>
      <lineSpacing>0</lineSpacing>
      <thickness>1</thickness>
      <dashMode>SdSolid</dashMode>
      <tableStyle>tsNone</tableStyle>
      <editIndex>0</editIndex>
      <rows>
        <row height="30">
          <editIndex>0</editIndex>
          <isAutoRowHeight>True</isAutoRowHeight>
        </row>
        <row height="30">
          <editIndex>0</editIndex>
          <isAutoRowHeight>True</isAutoRowHeight>
        </row>
        <row height="30">
          <editIndex>0</editIndex>
          <isAutoRowHeight>True</isAutoRowHeight>
        </row>
      </rows>
      <cols>
        <col width="180">
          <editIndex>0</editIndex>
        </col>
        <col width="180">
          <editIndex>0</editIndex>
        </col>
        <col width="180">
          <editIndex>0</editIndex>
        </col>
      </cols>
      <cells>
        <cell rows="0,0" cols="0,0">
          <fontFamily>%E5%BE%AE%E8%BD%AF%E9%9B%85%E9%BB%91</fontFamily>
          <editIndex>0</editIndex>
          <text>%E6%97%B6%E6%AE%B5</text>
          <textHeight>28</textHeight>
          <font family="%E5%BE%AE%E8%BD%AF%E9%9B%85%E9%BB%91" displayName="%E5%BE%AE%E8%BD%AF%E9%9B%85%E9%BB%91" postScript="" weightStyle="Regular" weight="400" isBold="False" isItalic="False"/>
        </cell>
        <cell rows="0,0" cols="1,1">
          <fontFamily>%E5%BE%AE%E8%BD%AF%E9%9B%85%E9%BB%91</fontFamily>
          <editIndex>0</editIndex>
          <text>%E4%BB%B7%E6%A0%BC</text>
          <textHeight>28</textHeight>
          <font family="%E5%BE%AE%E8%BD%AF%E9%9B%85%E9%BB%91" displayName="%E5%BE%AE%E8%BD%AF%E9%9B%85%E9%BB%91" postScript="" weightStyle="Regular" weight="400" isBold="False" isItalic="False"/>
        </cell>
        <cell rows="0,0" cols="2,2">
          <fontFamily>%E5%BE%AE%E8%BD%AF%E9%9B%85%E9%BB%91</fontFamily>
          <editIndex>0</editIndex>
          <text>%E6%93%8D%E4%BD%9C</text>
          <textHeight>28</textHeight>
          <font family="%E5%BE%AE%E8%BD%AF%E9%9B%85%E9%BB%91" displayName="%E5%BE%AE%E8%BD%AF%E9%9B%85%E9%BB%91" postScript="" weightStyle="Regular" weight="400" isBold="False" isItalic="False"/>
        </cell>
        <cell rows="1,1" cols="0,0">
          <fontFamily>%E5%BE%AE%E8%BD%AF%E9%9B%85%E9%BB%91</fontFamily>
          <editIndex>0</editIndex>
          <text>30</text>
          <textHeight>28</textHeight>
          <font family="%E5%BE%AE%E8%BD%AF%E9%9B%85%E9%BB%91" displayName="%E5%BE%AE%E8%BD%AF%E9%9B%85%E9%BB%91" postScript="" weightStyle="Regular" weight="400" isBold="False" isItalic="False"/>
        </cell>
        <cell rows="1,1" cols="1,1">
          <fontFamily>%E5%BE%AE%E8%BD%AF%E9%9B%85%E9%BB%91</fontFamily>
          <editIndex>0</editIndex>
          <text>5</text>
          <textHeight>28</textHeight>
          <font family="%E5%BE%AE%E8%BD%AF%E9%9B%85%E9%BB%91" displayName="%E5%BE%AE%E8%BD%AF%E9%9B%85%E9%BB%91" postScript="" weightStyle="Regular" weight="400" isBold="False" isItalic="False"/>
        </cell>
        <cell rows="1,1" cols="2,2">
          <fontFamily>%E5%BE%AE%E8%BD%AF%E9%9B%85%E9%BB%91</fontFamily>
          <editIndex>0</editIndex>
          <textHeight>30</textHeight>
          <font family="%E5%BE%AE%E8%BD%AF%E9%9B%85%E9%BB%91" displayName="%E5%BE%AE%E8%BD%AF%E9%9B%85%E9%BB%91" postScript="" weightStyle="Regular" weight="400" isBold="False" isItalic="False"/>
        </cell>
        <cell rows="2,2" cols="0,0">
          <fontFamily>%E5%BE%AE%E8%BD%AF%E9%9B%85%E9%BB%91</fontFamily>
          <editIndex>0</editIndex>
          <textHeight>30</textHeight>
          <font family="%E5%BE%AE%E8%BD%AF%E9%9B%85%E9%BB%91" displayName="%E5%BE%AE%E8%BD%AF%E9%9B%85%E9%BB%91" postScript="" weightStyle="Regular" weight="400" isBold="False" isItalic="False"/>
        </cell>
        <cell rows="2,2" cols="1,1">
          <fontFamily>%E5%BE%AE%E8%BD%AF%E9%9B%85%E9%BB%91</fontFamily>
          <editIndex>0</editIndex>
          <textHeight>30</textHeight>
          <font family="%E5%BE%AE%E8%BD%AF%E9%9B%85%E9%BB%91" displayName="%E5%BE%AE%E8%BD%AF%E9%9B%85%E9%BB%91" postScript="" weightStyle="Regular" weight="400" isBold="False" isItalic="False"/>
        </cell>
        <cell rows="2,2" cols="2,2">
          <fontFamily>%E5%BE%AE%E8%BD%AF%E9%9B%85%E9%BB%91</fontFamily>
          <editIndex>0</editIndex>
          <textHeight>30</textHeight>
          <font family="%E5%BE%AE%E8%BD%AF%E9%9B%85%E9%BB%91" displayName="%E5%BE%AE%E8%BD%AF%E9%9B%85%E9%BB%91" postScript="" weightStyle="Regular" weight="400" isBold="False" isItalic="False"/>
        </cell>
      </cells>
    </control>
    <control controlID="1892C4D5-C376-4CEC-ADB6-06ABF81535BB" controlTypeID="ButtonBar" x="381" y="179" w="180" h="28" zOrder="9">
      <font family="Arial" displayName="Arial" postScript="" weightStyle="Regular" weight="400" isBold="False" isItalic="False"/>
      <text>%2B%2C-</text>
      <textSize>14</textSize>
      <lineSpacing>0</lineSpacing>
    </control>
    <control controlID="0333DA70-B04A-4116-8F20-92ED652103F0" controlTypeID="Label" x="22" y="254" w="150" h="23" zOrder="10">
      <font family="Arial" displayName="Arial" postScript="" weightStyle="Regular" weight="400" isBold="False" isItalic="False"/>
      <text>%E6%8C%89%E6%AC%A1%E6%94%B6%E8%B4%B9%E8%A7%84%E5%88%99%E4%BF%A1%E6%81%AF</text>
      <textSize>18</textSize>
      <lineSpacing>0</lineSpacing>
      <useDefaultTextSize>False</useDefaultTextSize>
      <selectedIndex>-1</selectedIndex>
    </control>
    <control controlID="A544939F-223E-41F3-85F7-6B225B6C540A" controlTypeID="VRule" x="4" y="248" w="12" h="37" zOrder="11"/>
    <control controlID="6225C46B-A487-43E0-A160-D836BE28E715" controlTypeID="DateTimePicker" x="117" y="309" w="96" h="24" zOrder="12">
      <font family="Arial" displayName="Arial" postScript="" weightStyle="Regular" weight="400" isBold="False" isItalic="False"/>
      <text>03+%2F+10+%2F+2014</text>
      <textSize>14</textSize>
      <lineSpacing>0</lineSpacing>
      <selectedIndex>-1</selectedIndex>
    </control>
    <control controlID="A091CFE1-27CA-4F43-AA52-B258C0952A1D" controlTypeID="Label" x="20" y="312" w="61" h="18" zOrder="13">
      <font family="Arial" displayName="Arial" postScript="" weightStyle="Regular" weight="400" isBold="False" isItalic="False"/>
      <text>%E5%BC%80%E5%A7%8B%E6%97%B6%E9%97%B4</text>
      <lineSpacing>0</lineSpacing>
      <selectedIndex>-1</selectedIndex>
    </control>
    <control controlID="AC07303D-BC0E-4AB8-B7E3-F5C55B4A1D5C" controlTypeID="DateTimePicker" x="381" y="312" w="96" h="24" zOrder="14">
      <font family="Arial" displayName="Arial" postScript="" weightStyle="Regular" weight="400" isBold="False" isItalic="False"/>
      <text>03+%2F+10+%2F+2014</text>
      <textSize>14</textSize>
      <lineSpacing>0</lineSpacing>
      <selectedIndex>-1</selectedIndex>
    </control>
    <control controlID="661D6433-6CD9-44FB-BE36-E3E40AAFDCC5" controlTypeID="Label" x="267" y="312" w="61" h="18" zOrder="15">
      <font family="Arial" displayName="Arial" postScript="" weightStyle="Regular" weight="400" isBold="False" isItalic="False"/>
      <text>%E7%BB%93%E6%9D%9F%E6%97%B6%E9%97%B4</text>
      <lineSpacing>0</lineSpacing>
      <selectedIndex>-1</selectedIndex>
    </control>
    <control controlID="6781C033-A5E1-4BA0-8A59-4A4633CCD3DE" controlTypeID="CheckBox" x="20" y="403" w="193" h="25" zOrder="16">
      <caption>%E8%AE%A1%E6%AC%A1%E6%98%AF%E5%90%A6%E5%90%AF%E7%94%A8%E5%B0%81%E9%A1%B6%E9%87%91%E9%A2%9D</caption>
      <font family="Arial" displayName="Arial" postScript="" weightStyle="Regular" weight="400" isBold="False" isItalic="False"/>
      <text>24%E5%B0%8F%E6%97%B6%E5%86%85%E6%98%AF%E5%90%A6%E5%90%AF%E7%94%A8%E5%B0%81%E9%A1%B6%E9%87%91%E9%A2%9D</text>
      <lineSpacing>0</lineSpacing>
      <selectedIndex>-1</selectedIndex>
    </control>
    <control controlID="3906BE5E-8DCC-4E17-AAB6-80666D41EA1D" controlTypeID="LabelTextInput" x="260" y="404" w="280" h="24" zOrder="17">
      <font family="Arial" displayName="Arial" postScript="" weightStyle="Regular" weight="400" isBold="False" isItalic="False"/>
      <text>%E5%B0%81%E9%A1%B6%E9%87%91%E9%A2%9D%2C100</text>
      <textSize>14</textSize>
      <lineSpacing>0</lineSpacing>
      <selectedIndex>-1</selectedIndex>
    </control>
    <control controlID="1F9A4886-0AE6-49F2-933B-92FCA3862B95" controlTypeID="CheckBox" x="20" y="445" w="135" h="25" zOrder="18">
      <caption>%E8%AE%A1%E6%AC%A1%E6%98%AF%E5%90%A6%E5%90%AF%E7%94%A8%E5%B0%81%E9%A1%B6%E9%87%91%E9%A2%9D</caption>
      <font family="Arial" displayName="Arial" postScript="" weightStyle="Regular" weight="400" isBold="False" isItalic="False"/>
      <text>%E6%98%AF%E5%90%A6%E5%90%AF%E7%94%A8%E5%B0%81%E9%A1%B6%E9%87%91%E9%A2%9D</text>
      <lineSpacing>0</lineSpacing>
      <selectedIndex>-1</selectedIndex>
    </control>
    <control controlID="216BED85-AC75-46F9-B8A5-09A97215240F" controlTypeID="LabelTextInput" x="268" y="446" w="280" h="24" zOrder="19">
      <font family="Arial" displayName="Arial" postScript="" weightStyle="Regular" weight="400" isBold="False" isItalic="False"/>
      <text>%E5%B0%81%E9%A1%B6%E9%87%91%E9%A2%9D%2C100</text>
      <textSize>14</textSize>
      <lineSpacing>0</lineSpacing>
      <selectedIndex>-1</selectedIndex>
    </control>
    <control controlID="7BE6AE34-307A-40F0-8825-21108A678C85" controlTypeID="LabelTextInput" x="20" y="360" w="280" h="24" zOrder="20">
      <font family="Arial" displayName="Arial" postScript="" weightStyle="Regular" weight="400" isBold="False" isItalic="False"/>
      <text>%E5%8D%95%E6%AC%A1%E9%87%91%E9%A2%9D%2C30</text>
      <textSize>14</textSize>
      <lineSpacing>0</lineSpacing>
      <selectedIndex>-1</selectedIndex>
    </control>
    <control controlID="7F953502-6264-4ABD-801C-E31F895BBD75" controlTypeID="CheckBox" x="20" y="491" w="262" h="25" zOrder="21">
      <caption>%E8%AE%A1%E6%AC%A1%E6%98%AF%E5%90%A6%E5%90%AF%E7%94%A8%E5%B0%81%E9%A1%B6%E9%87%91%E9%A2%9D</caption>
      <font family="Arial" displayName="Arial" postScript="" weightStyle="Regular" weight="400" isBold="False" isItalic="False"/>
      <text>24%E5%B0%8F%E6%97%B6%E5%86%85%E5%AD%98%E5%9C%A8%E6%8C%89%E6%97%B6%E6%AE%B5%E6%94%B6%E8%B4%B9%E5%88%99%E6%8C%89%E6%97%B6%E6%AE%B5%E6%94%B6%E8%B4%B9</text>
      <lineSpacing>0</lineSpacing>
      <selectedIndex>-1</selectedIndex>
    </control>
    <control controlID="A0644487-6CDC-4C8B-BCF0-D52B3DAB58DA" controlTypeID="CheckBox" x="310" y="107" w="262" h="25" zOrder="22">
      <caption>%E8%AE%A1%E6%AC%A1%E6%98%AF%E5%90%A6%E5%90%AF%E7%94%A8%E5%B0%81%E9%A1%B6%E9%87%91%E9%A2%9D</caption>
      <font family="Arial" displayName="Arial" postScript="" weightStyle="Regular" weight="400" isBold="False" isItalic="False"/>
      <text>%E8%B6%85%E5%87%BA%E5%85%8D%E8%B4%B9%E6%97%B6%E9%95%BF%E6%97%B6%E5%85%8D%E8%B4%B9%E6%97%B6%E9%95%BF%E6%98%AF%E5%90%A6%E6%94%B6%E8%B4%B9</text>
      <lineSpacing>0</lineSpacing>
      <selectedIndex>-1</selectedIndex>
    </control>
    <control controlID="1DBBDD90-12ED-4607-B885-6342A0CEA9D5" controlTypeID="LabelTextInput" x="20" y="107" w="280" h="24" zOrder="23">
      <font family="Arial" displayName="Arial" postScript="" weightStyle="Regular" weight="400" isBold="False" isItalic="False"/>
      <text>%E5%85%8D%E8%B4%B9%E6%97%B6%E9%95%BF(m)%2C15</text>
      <textSize>14</textSize>
      <lineSpacing>0</lineSpacing>
      <selectedIndex>-1</selectedIndex>
    </control>
  </controls>
  <param>
    <backgroundColor>4294967295</backgroundColor>
    <fontSize>14</fontSize>
    <fontFamily>Arial</fontFamily>
    <guideLines/>
  </param>
</mockup>