﻿<mockup version="5.1" minAllowVersion="5.1" ID="85050708-944A-4589-87A4-3C81DF902E75" platform="MtWeb" defaultW="1366" defaultH="768" measureW="880" measureH="600" mobileScreenScale="0">
  <controls controlCount="12">
    <control controlID="4596C09A-B833-431E-8AD5-8F14118410F2" controlTypeID="Label" x="12" y="6" w="78" h="23" zOrder="0">
      <font family="Arial" displayName="Arial" postScript="" weightStyle="Regular" weight="400" isBold="False" isItalic="False"/>
      <text>%E8%A7%84%E5%88%99%E4%BF%A1%E6%81%AF</text>
      <textSize>18</textSize>
      <lineSpacing>0</lineSpacing>
      <useDefaultTextSize>False</useDefaultTextSize>
      <selectedIndex>-1</selectedIndex>
    </control>
    <control controlID="4A30ED31-42F7-4812-BBDA-AF8730A09020" controlTypeID="VRule" x="0" y="0" w="12" h="37" zOrder="1"/>
    <control controlID="D140C23B-BCFA-4121-B016-8C91C90634B3" controlTypeID="Table" x="5" y="47" w="540" h="60" zOrder="2">
      <font family="Arial" displayName="Arial" postScript="" weightStyle="Regular" weight="400" isBold="False" isItalic="False"/>
      <text>%E8%A1%A8%E6%A0%BC</text>
      <textSize>14</textSize>
      <textAlign>HaCenter</textAlign>
      <lineSpacing>0</lineSpacing>
      <thickness>1</thickness>
      <dashMode>SdSolid</dashMode>
      <tableStyle>tsNone</tableStyle>
      <editIndex>0</editIndex>
      <rows>
        <row height="30">
          <editIndex>0</editIndex>
          <isAutoRowHeight>True</isAutoRowHeight>
        </row>
        <row height="30">
          <editIndex>0</editIndex>
          <isAutoRowHeight>True</isAutoRowHeight>
        </row>
      </rows>
      <cols>
        <col width="180">
          <editIndex>0</editIndex>
        </col>
        <col width="180">
          <editIndex>0</editIndex>
        </col>
        <col width="180">
          <editIndex>0</editIndex>
        </col>
      </cols>
      <cells>
        <cell rows="0,0" cols="0,0">
          <fontFamily>Arial</fontFamily>
          <editIndex>0</editIndex>
          <text>%E6%97%B6%E6%AE%B5</text>
          <textHeight>28</textHeight>
          <font family="Arial" displayName="Arial" postScript="" weightStyle="Regular" weight="400" isBold="False" isItalic="False"/>
        </cell>
        <cell rows="0,0" cols="1,1">
          <fontFamily>Arial</fontFamily>
          <editIndex>0</editIndex>
          <text>%E4%BB%B7%E6%A0%BC</text>
          <textHeight>28</textHeight>
          <font family="Arial" displayName="Arial" postScript="" weightStyle="Regular" weight="400" isBold="False" isItalic="False"/>
        </cell>
        <cell rows="0,0" cols="2,2">
          <fontFamily>Arial</fontFamily>
          <editIndex>0</editIndex>
          <text>%E6%93%8D%E4%BD%9C</text>
          <textHeight>28</textHeight>
          <font family="Arial" displayName="Arial" postScript="" weightStyle="Regular" weight="400" isBold="False" isItalic="False"/>
        </cell>
        <cell rows="1,1" cols="0,0">
          <fontFamily>Arial</fontFamily>
          <editIndex>0</editIndex>
          <text>15</text>
          <textHeight>28</textHeight>
          <font family="Arial" displayName="Arial" postScript="" weightStyle="Regular" weight="400" isBold="False" isItalic="False"/>
        </cell>
        <cell rows="1,1" cols="1,1">
          <fontFamily>Arial</fontFamily>
          <editIndex>0</editIndex>
          <text>3</text>
          <textHeight>28</textHeight>
          <font family="Arial" displayName="Arial" postScript="" weightStyle="Regular" weight="400" isBold="False" isItalic="False"/>
        </cell>
        <cell rows="1,1" cols="2,2">
          <fontFamily>Arial</fontFamily>
          <editIndex>0</editIndex>
          <textHeight>30</textHeight>
          <font family="Arial" displayName="Arial" postScript="" weightStyle="Regular" weight="400" isBold="False" isItalic="False"/>
        </cell>
      </cells>
    </control>
    <control controlID="6892F143-966F-48F0-83EC-3F14BBCB9BE0" controlTypeID="ButtonBar" x="365" y="79" w="180" h="28" zOrder="3">
      <font family="Arial" displayName="Arial" postScript="" weightStyle="Regular" weight="400" isBold="False" isItalic="False"/>
      <text>%2B%2C-</text>
      <textSize>14</textSize>
      <lineSpacing>0</lineSpacing>
    </control>
    <control controlID="CBED1BE5-D29F-462B-854C-9A2164FE50E3" controlTypeID="CheckBox" x="12" y="168" w="193" h="25" zOrder="4">
      <caption>%E8%AE%A1%E6%AC%A1%E6%98%AF%E5%90%A6%E5%90%AF%E7%94%A8%E5%B0%81%E9%A1%B6%E9%87%91%E9%A2%9D</caption>
      <font family="Arial" displayName="Arial" postScript="" weightStyle="Regular" weight="400" isBold="False" isItalic="False"/>
      <text>24%E5%B0%8F%E6%97%B6%E5%86%85%E6%98%AF%E5%90%A6%E5%90%AF%E7%94%A8%E5%B0%81%E9%A1%B6%E9%87%91%E9%A2%9D</text>
      <lineSpacing>0</lineSpacing>
      <selectedIndex>-1</selectedIndex>
    </control>
    <control controlID="CEAF6F41-967B-44EC-AC49-E13E66AC5EF9" controlTypeID="LabelTextInput" x="256" y="169" w="280" h="24" zOrder="5">
      <font family="Arial" displayName="Arial" postScript="" weightStyle="Regular" weight="400" isBold="False" isItalic="False"/>
      <text>%E5%B0%81%E9%A1%B6%E9%87%91%E9%A2%9D%2C100</text>
      <textSize>14</textSize>
      <lineSpacing>0</lineSpacing>
      <selectedIndex>-1</selectedIndex>
    </control>
    <control controlID="CE9E1F01-4E6D-437E-848E-0E3B8A3F5D5C" controlTypeID="TextArea" x="79" y="248" w="493" h="74" zOrder="6">
      <color>6737151</color>
      <font family="Arial" displayName="Arial" postScript="" weightStyle="Regular" weight="400" isBold="False" isItalic="False"/>
      <text>%E8%A7%84%E5%88%99%E6%8F%8F%E8%BF%B0******P*UWLIURWLUFI</text>
      <selectedIndex>-1</selectedIndex>
    </control>
    <control controlID="49675BF9-62D3-48A5-A63E-CD1AFBC5D9F7" controlTypeID="Label" x="8" y="248" w="61" h="18" zOrder="7">
      <font family="Arial" displayName="Arial" postScript="" weightStyle="Regular" weight="400" isBold="False" isItalic="False"/>
      <text>%E8%A7%84%E5%88%99%E6%8F%8F%E8%BF%B0</text>
      <lineSpacing>0</lineSpacing>
      <selectedIndex>-1</selectedIndex>
    </control>
    <control controlID="1125E002-C257-4F70-A080-D3BD7650DB66" controlTypeID="CheckBox" x="8" y="202" w="135" h="25" zOrder="8">
      <caption>%E8%AE%A1%E6%AC%A1%E6%98%AF%E5%90%A6%E5%90%AF%E7%94%A8%E5%B0%81%E9%A1%B6%E9%87%91%E9%A2%9D</caption>
      <font family="Arial" displayName="Arial" postScript="" weightStyle="Regular" weight="400" isBold="False" isItalic="False"/>
      <text>%E6%98%AF%E5%90%A6%E5%90%AF%E7%94%A8%E5%B0%81%E9%A1%B6%E9%87%91%E9%A2%9D</text>
      <lineSpacing>0</lineSpacing>
      <selectedIndex>-1</selectedIndex>
    </control>
    <control controlID="F08576BF-42A4-4C8F-9317-B0ACE15A38D8" controlTypeID="LabelTextInput" x="256" y="203" w="280" h="24" zOrder="9">
      <font family="Arial" displayName="Arial" postScript="" weightStyle="Regular" weight="400" isBold="False" isItalic="False"/>
      <text>%E5%B0%81%E9%A1%B6%E9%87%91%E9%A2%9D%2C100</text>
      <textSize>14</textSize>
      <lineSpacing>0</lineSpacing>
      <selectedIndex>-1</selectedIndex>
    </control>
    <control controlID="EB68BD35-DB28-44BF-ADD7-970BE5C70ABD" controlTypeID="CheckBox" x="298" y="134" w="262" h="25" zOrder="10">
      <caption>%E8%AE%A1%E6%AC%A1%E6%98%AF%E5%90%A6%E5%90%AF%E7%94%A8%E5%B0%81%E9%A1%B6%E9%87%91%E9%A2%9D</caption>
      <font family="Arial" displayName="Arial" postScript="" weightStyle="Regular" weight="400" isBold="False" isItalic="False"/>
      <text>%E8%B6%85%E5%87%BA%E5%85%8D%E8%B4%B9%E6%97%B6%E9%95%BF%E6%97%B6%E5%85%8D%E8%B4%B9%E6%97%B6%E9%95%BF%E6%98%AF%E5%90%A6%E6%94%B6%E8%B4%B9</text>
      <lineSpacing>0</lineSpacing>
      <selectedIndex>-1</selectedIndex>
    </control>
    <control controlID="DD7098A5-91CB-4FD7-A180-D8255DA88531" controlTypeID="LabelTextInput" x="8" y="134" w="280" h="24" zOrder="11">
      <font family="Arial" displayName="Arial" postScript="" weightStyle="Regular" weight="400" isBold="False" isItalic="False"/>
      <text>%E5%85%8D%E8%B4%B9%E6%97%B6%E9%95%BF(m)%2C15</text>
      <textSize>14</textSize>
      <lineSpacing>0</lineSpacing>
      <selectedIndex>-1</selectedIndex>
    </control>
  </controls>
  <param>
    <backgroundColor>4294967295</backgroundColor>
    <fontSize>14</fontSize>
    <fontFamily>Arial</fontFamily>
    <guideLines/>
  </param>
</mockup>