﻿<mockup version="5.1" platform="MtWeb" defaultW="1366" defaultH="768" from="FmLocal" minAllowVersion="5.1" ID="E499E3FA-DE1B-4950-8F03-29703759E657" measureW="1366" measureH="768" mobileScreenScale="0">
  <controls controlCount="16">
    <control controlID="0A10C650-D3E5-4C95-93DB-8630722009D0" controlTypeID="Panel" x="0" y="0" w="200" h="1100" zOrder="0">
      <isShow>False</isShow>
      <caption>Panel</caption>
      <borderVisible>False</borderVisible>
      <groupChildrenDescriptors>
        <control controlID="E6181A92-88AD-45F7-8776-92C401B97654" controlTypeID="Line" x="1" y="406" w="210" h="1" zOrder="0">
          <caption>Line</caption>
          <color>4291611852</color>
          <font family="Arial" displayName="Arial" postScript="" weightStyle="Regular" weight="400" isBold="False" isItalic="False"/>
          <textSize>14</textSize>
          <lineSpacing>0</lineSpacing>
          <selectedIndex>-1</selectedIndex>
          <controlPoint>(105,0)</controlPoint>
          <startPoint>(0,0)</startPoint>
          <endPoint>(210,0)</endPoint>
        </control>
        <control controlID="D83F345E-E1DD-4C2C-904C-447FD57DC1C4" controlTypeID="Line" x="1" y="518" w="210" h="1" zOrder="1">
          <caption>Line</caption>
          <color>4291611852</color>
          <font family="Arial" displayName="Arial" postScript="" weightStyle="Regular" weight="400" isBold="False" isItalic="False"/>
          <textSize>14</textSize>
          <lineSpacing>0</lineSpacing>
          <selectedIndex>-1</selectedIndex>
          <controlPoint>(105,0)</controlPoint>
          <startPoint>(0,0)</startPoint>
          <endPoint>(210,0)</endPoint>
        </control>
        <control controlID="94D0CA04-B538-4C38-8ADB-A6164E760BA7" controlTypeID="Line" x="1" y="632" w="210" h="1" zOrder="2">
          <caption>Line</caption>
          <color>4291611852</color>
          <font family="Arial" displayName="Arial" postScript="" weightStyle="Regular" weight="400" isBold="False" isItalic="False"/>
          <textSize>14</textSize>
          <lineSpacing>0</lineSpacing>
          <selectedIndex>-1</selectedIndex>
          <controlPoint>(105,0)</controlPoint>
          <startPoint>(0,0)</startPoint>
          <endPoint>(210,0)</endPoint>
        </control>
        <control controlID="BFFFD534-82E4-4354-9DEF-97A4D2DB71A7" controlTypeID="Line" x="1" y="693" w="210" h="1" zOrder="3">
          <caption>Line</caption>
          <color>4291611852</color>
          <font family="Arial" displayName="Arial" postScript="" weightStyle="Regular" weight="400" isBold="False" isItalic="False"/>
          <textSize>14</textSize>
          <lineSpacing>0</lineSpacing>
          <selectedIndex>-1</selectedIndex>
          <controlPoint>(105,0)</controlPoint>
          <startPoint>(0,0)</startPoint>
          <endPoint>(210,0)</endPoint>
        </control>
        <control controlID="BA2894F5-0D1B-491F-8DBC-42B1E53A37EE" controlTypeID="Label" x="0" y="50" w="200" h="30" zOrder="4">
          <states>
            <state propName="Color" stateType="state_mouseOver" isChecked="True" value="4294111986" varType="20"/>
            <state propName="TextColor" stateType="state_mouseOver" isChecked="True" value="4278190080" varType="20"/>
          </states>
          <caption>%E9%A6%96%E9%A1%B5</caption>
          <isAutoSize>False</isAutoSize>
          <font family="Arial" displayName="Arial" postScript="" weightStyle="Regular" weight="400" isBold="False" isItalic="False"/>
          <text>%E9%A6%96%E9%A1%B5</text>
          <textVAlign>VaTop</textVAlign>
          <lineSpacing>0</lineSpacing>
          <selectedIndex>-1</selectedIndex>
        </control>
        <control controlID="1005E59B-2827-4C90-B746-E63F56A9F954" controlTypeID="Label" x="0" y="80" w="200" h="30" zOrder="5">
          <states>
            <state propName="Color" stateType="state_mouseOver" isChecked="True" value="4294111986" varType="20"/>
            <state propName="TextColor" stateType="state_mouseOver" isChecked="True" value="4278190080" varType="20"/>
          </states>
          <caption>Label</caption>
          <isAutoSize>False</isAutoSize>
          <font family="Arial" displayName="Arial" postScript="" weightStyle="Regular" weight="400" isBold="False" isItalic="False"/>
          <text>%E6%96%87%E6%A1%A3</text>
          <textColor>4284900966</textColor>
          <textVAlign>VaTop</textVAlign>
          <lineSpacing>0</lineSpacing>
          <selectedIndex>-1</selectedIndex>
        </control>
        <control controlID="D6B9F755-3A5D-4C24-B242-5180FC8C32EA" controlTypeID="Label" x="0" y="110" w="200" h="30" zOrder="6">
          <states>
            <state propName="Color" stateType="state_mouseOver" isChecked="True" value="4294111986" varType="20"/>
            <state propName="TextColor" stateType="state_mouseOver" isChecked="True" value="4278190080" varType="20"/>
          </states>
          <caption>%E4%BC%9A%E5%91%98%E4%B8%AD%E5%BF%83</caption>
          <isAutoSize>False</isAutoSize>
          <font family="Arial" displayName="Arial" postScript="" weightStyle="Regular" weight="400" isBold="False" isItalic="False"/>
          <text>%E4%BC%9A%E5%91%98%E4%B8%AD%E5%BF%83++++++</text>
          <textColor>4284900966</textColor>
          <textVAlign>VaTop</textVAlign>
          <lineSpacing>0</lineSpacing>
          <selectedIndex>-1</selectedIndex>
        </control>
        <control controlID="8F07587C-26A3-4E35-9F5F-3FA93934DF19" controlTypeID="Label" x="0" y="140" w="200" h="30" zOrder="7">
          <states>
            <state propName="Color" stateType="state_mouseOver" isChecked="True" value="4294111986" varType="20"/>
            <state propName="TextColor" stateType="state_mouseOver" isChecked="True" value="4278190080" varType="20"/>
          </states>
          <caption>%E5%AE%9E%E5%90%8D%E8%AE%A4%E8%AF%81</caption>
          <isAutoSize>False</isAutoSize>
          <font family="Arial" displayName="Arial" postScript="" weightStyle="Regular" weight="400" isBold="False" isItalic="False"/>
          <text>++++++%E5%AE%9E%E5%90%8D%E8%AE%A4%E8%AF%81</text>
          <textColor>4284900966</textColor>
          <textVAlign>VaTop</textVAlign>
          <lineSpacing>0</lineSpacing>
          <selectedIndex>-1</selectedIndex>
        </control>
        <control controlID="747DEB6B-86D5-4E09-8EBA-33451CD469AC" controlTypeID="Label" x="0" y="310" w="212" h="39" zOrder="8">
          <states>
            <state propName="Color" stateType="state_mouseOver" isChecked="True" value="4294111986" varType="20"/>
            <state propName="TextColor" stateType="state_mouseOver" isChecked="True" value="4278190080" varType="20"/>
          </states>
          <caption>Label</caption>
          <isAutoSize>False</isAutoSize>
          <font family="Arial" displayName="Arial" postScript="" weightStyle="Regular" weight="400" isBold="False" isItalic="False"/>
          <text>++++++</text>
          <textColor>4284900966</textColor>
          <textVAlign>VaTop</textVAlign>
          <lineSpacing>0</lineSpacing>
          <selectedIndex>-1</selectedIndex>
        </control>
        <control controlID="07E417DA-6483-46A4-8603-A454AA4ACAFA" controlTypeID="Label" x="0" y="536" w="212" h="39" zOrder="9">
          <states>
            <state propName="Color" stateType="state_mouseOver" isChecked="True" value="4294111986" varType="20"/>
            <state propName="TextColor" stateType="state_mouseOver" isChecked="True" value="4284900966" varType="20"/>
          </states>
          <caption>Label</caption>
          <isAutoSize>False</isAutoSize>
          <font family="Arial" displayName="Arial" postScript="" weightStyle="Regular" weight="400" isBold="False" isItalic="False"/>
          <text>++++++%E5%9F%BA%E7%A1%80%E6%95%B0%E6%8D%AE</text>
          <textColor>4288256409</textColor>
          <textVAlign>VaTop</textVAlign>
          <lineSpacing>0</lineSpacing>
          <selectedIndex>-1</selectedIndex>
        </control>
        <control controlID="D70A612B-D24B-4BF3-83E1-C920609952EA" controlTypeID="Label" x="0" y="423" w="212" h="39" zOrder="10">
          <states>
            <state propName="Color" stateType="state_mouseOver" isChecked="True" value="4294111986" varType="20"/>
            <state propName="TextColor" stateType="state_mouseOver" isChecked="True" value="4284900966" varType="20"/>
          </states>
          <caption>%E6%96%87%E6%A1%A3</caption>
          <isAutoSize>False</isAutoSize>
          <font family="Arial" displayName="Arial" postScript="" weightStyle="Regular" weight="400" isBold="False" isItalic="False"/>
          <text>%E5%8D%95%E8%A1%8C%E6%96%87%E5%AD%97</text>
          <textColor>4288256409</textColor>
          <textVAlign>VaTop</textVAlign>
          <lineSpacing>0</lineSpacing>
          <selectedIndex>-1</selectedIndex>
        </control>
        <control controlID="83308A09-A91A-4AEA-B7F9-F86FA7B38A4B" controlTypeID="Label" x="0" y="574" w="212" h="39" zOrder="11">
          <states>
            <state propName="Color" stateType="state_mouseOver" isChecked="True" value="4294111986" varType="20"/>
            <state propName="TextColor" stateType="state_mouseOver" isChecked="True" value="4284900966" varType="20"/>
          </states>
          <caption>Label</caption>
          <isAutoSize>False</isAutoSize>
          <font family="Arial" displayName="Arial" postScript="" weightStyle="Regular" weight="400" isBold="False" isItalic="False"/>
          <text>%E5%8D%95%E8%A1%8C%E6%96%87%E5%AD%97</text>
          <textColor>4288256409</textColor>
          <textVAlign>VaTop</textVAlign>
          <lineSpacing>0</lineSpacing>
          <selectedIndex>-1</selectedIndex>
        </control>
        <control controlID="E50F879E-3ADD-47A9-8DB4-FC416945A611" controlTypeID="Label" x="46" y="208" w="61" h="18" zOrder="12">
          <font family="Arial" displayName="Arial" postScript="" weightStyle="Regular" weight="400" isBold="False" isItalic="False"/>
          <text>%E5%8D%95%E8%A1%8C%E6%96%87%E5%AD%97</text>
          <lineSpacing>0</lineSpacing>
          <selectedIndex>-1</selectedIndex>
        </control>
        <control controlID="1609B541-6061-4767-B7BB-17DEC53BE565" controlTypeID="Border" x="0" y="0" w="200" h="1100" zOrder="13">
          <borderVisible>False</borderVisible>
          <alias>borderLayer</alias>
        </control>
      </groupChildrenDescriptors>
      <thinkness>1</thinkness>
    </control>
    <control controlID="21744620-3493-4F6C-A6B9-CE0C759AFBF4" controlTypeID="Icon" x="210" y="10" w="24" h="24" zOrder="1">
      <interactiveData>
        <entry title="">
          <area shape="0" alt="" ID="{F6D7BF99-5FBA-4CC1-AB7E-E744077F30C5}" coords="(0,0,24,24)"/>
          <events title="">
            <event eventType="atClick" isChecked="True">
              <behaviour title="" isChecked="True" isWait="False" isLoop="False" execMode="emParallel">
                <target targetID="0A10C650-D3E5-4C95-93DB-8630722009D0" isChecked="True" isAutoRecovery="False" isLoop="False" execMode="emSequence">
                  <command name="Change Visibility" isChecked="True" descrition="">
                    <param name="AniInterpolation" value="1" varType="3" description=""/>
                    <param name="AniDuration" value="200" varType="3" description=""/>
                    <param name="AniAutoReverse" value="False" varType="11" description=""/>
                    <param name="AniLoop" value="False" varType="11" description=""/>
                    <param name="AniInterpolationTypeOut" value="False" varType="11" description=""/>
                    <param name="Delay" value="0" varType="3" description=""/>
                    <param name="ValueFromCurrent" value="True" varType="11" description=""/>
                    <param name="ForceFromInitValue" value="False" varType="11" description=""/>
                    <param name="ForceSetVisible" value="False" varType="11" description=""/>
                    <param name="Value" value="2" varType="3" description=""/>
                    <param name="TerminateLoopByClick" value="True" varType="11" description=""/>
                  </command>
                  <command name="Resize" isChecked="True" descrition="">
                    <param name="AniInterpolation" value="1" varType="3" description=""/>
                    <param name="AniDuration" value="200" varType="3" description=""/>
                    <param name="AniAutoReverse" value="False" varType="11" description=""/>
                    <param name="AniLoop" value="False" varType="11" description=""/>
                    <param name="AniInterpolationTypeOut" value="False" varType="11" description=""/>
                    <param name="Delay" value="0" varType="3" description=""/>
                    <param name="ValueFromCurrent" value="True" varType="11" description=""/>
                    <param name="ResizeDirection" value="0" varType="3" description=""/>
                    <param name="ValueMode" value="0" varType="3" description=""/>
                    <param name="FromWidth" value="0" varType="3" description=""/>
                    <param name="FromHeight" value="0" varType="3" description=""/>
                    <param name="ToWidth" value="0" varType="3" description=""/>
                    <param name="ToHeight" value="10" varType="4" description=""/>
                    <param name="ToX" value="0" varType="3" description=""/>
                    <param name="ToY" value="0" varType="3" description=""/>
                    <param name="TerminateLoopByClick" value="True" varType="11" description=""/>
                  </command>
                </target>
              </behaviour>
            </event>
          </events>
        </entry>
      </interactiveData>
      <icon>
        <ID/>
        <iconFontName>jdIonicons</iconFontName>
        <iconCode>62300</iconCode>
      </icon>
      <URL>E81ED979293FF1C7F35153E7BDA571B8.svg</URL>
    </control>
  </controls>
  <param>
    <backgroundColor>4294967295</backgroundColor>
    <fontFamily>Arial</fontFamily>
    <guideLines>
      <guideLine isLocked="False" isHori="True" value="800"/>
      <guideLine isLocked="False" isHori="True" value="98"/>
      <guideLine isLocked="False" isHori="True" value="1632"/>
      <guideLine isLocked="False" isHori="True" value="1856"/>
    </guideLines>
    <fontSize>14</fontSize>
  </param>
</mockup>