﻿<mockup version="5.1" platform="MtWeb" defaultW="1366" defaultH="768" from="FmLocal" minAllowVersion="5.1" ID="E743F837-3F8F-4C12-9E34-937E83EA109A" measureW="1366" measureH="768" mobileScreenScale="0">
  <controls controlCount="33">
    <control controlID="9A01A89D-B13C-416A-9BBC-61A07EB07591" controlTypeID="Image" x="100" y="32" w="42" h="42" zOrder="0">
      <caption>Image</caption>
      <URL>3333DA8E5F542C12BB919E4D883E59ED.png</URL>
      <showText>False</showText>
    </control>
    <control controlID="A8422506-9E20-42E9-87F9-9C1ED31C4409" controlTypeID="Icon" x="170" y="41" w="24" h="24" zOrder="1">
      <caption>Icon</caption>
      <color>4294967295</color>
      <interactiveData>
        <entry title="">
          <area shape="0" alt="" ID="{76C07941-7BEE-4F69-8EBC-AF54E60735F7}" coords="(0,0,24,24)"/>
          <events title="">
            <event eventType="atClick" isChecked="True">
              <behaviour title="" isChecked="True" isWait="False" isLoop="False" execMode="emParallel">
                <target targetID="0A10C650-D3E5-4C95-93DB-8630722009D0" isChecked="True" isAutoRecovery="False" isLoop="False" execMode="emParallel">
                  <command name="Change Visibility" isChecked="True" descrition="">
                    <param name="AniInterpolation" value="1" varType="3" description=""/>
                    <param name="AniDuration" value="200" varType="3" description=""/>
                    <param name="AniAutoReverse" value="False" varType="11" description=""/>
                    <param name="AniLoop" value="False" varType="11" description=""/>
                    <param name="AniInterpolationTypeOut" value="False" varType="11" description=""/>
                    <param name="Delay" value="0" varType="3" description=""/>
                    <param name="ValueFromCurrent" value="True" varType="11" description=""/>
                    <param name="ForceFromInitValue" value="False" varType="11" description=""/>
                    <param name="ForceSetVisible" value="False" varType="11" description=""/>
                    <param name="Value" value="0" varType="3" description=""/>
                    <param name="TerminateLoopByClick" value="True" varType="11" description=""/>
                  </command>
                  <command name="Move" isChecked="True" descrition="">
                    <param name="AniInterpolation" value="1" varType="3" description=""/>
                    <param name="AniDuration" value="200" varType="3" description=""/>
                    <param name="AniAutoReverse" value="False" varType="11" description=""/>
                    <param name="AniLoop" value="False" varType="11" description=""/>
                    <param name="AniInterpolationTypeOut" value="False" varType="11" description=""/>
                    <param name="Delay" value="0" varType="3" description=""/>
                    <param name="MoveMode" value="1" varType="3" description=""/>
                    <param name="ValueFromCurrent" value="True" varType="11" description=""/>
                    <param name="FromX" value="0" varType="3" description=""/>
                    <param name="FromY" value="0" varType="3" description=""/>
                    <param name="ToX" value="0" varType="3" description=""/>
                    <param name="ToY" value="0" varType="3" description=""/>
                    <param name="ByX" value="200" varType="3" description=""/>
                    <param name="ByY" value="0" varType="3" description=""/>
                    <param name="TerminateLoopByClick" value="True" varType="11" description=""/>
                    <param name="MovePlaceVert" value="3" varType="3" description=""/>
                    <param name="MovePlaceHori" value="1" varType="3" description=""/>
                  </command>
                </target>
              </behaviour>
            </event>
          </events>
        </entry>
      </interactiveData>
      <icon>
        <ID/>
        <iconFontName>jdIonicons</iconFontName>
        <iconCode>61965</iconCode>
      </icon>
      <URL>D9CE39CAA2C488188BF922BD18FCD68B.svg</URL>
    </control>
    <control controlID="0A10C650-D3E5-4C95-93DB-8630722009D0" controlTypeID="Panel" x="-10" y="0" w="498" h="1100" zOrder="2">
      <isShow>False</isShow>
      <caption>Panel</caption>
      <borderVisible>False</borderVisible>
      <groupChildrenDescriptors>
        <control controlID="447618DF-1A0E-4924-8A04-5428B1319A62" controlTypeID="Image" x="64" y="20" w="85" h="85" zOrder="0">
          <caption>Image</caption>
          <URL>47CB31C0EF769FA48F2B81C2C8C79C8E.png</URL>
          <showText>False</showText>
        </control>
        <control controlID="2FF2D724-348B-4CBA-A071-EE4F0BFD5FE1" controlTypeID="Icon" x="168" y="50" w="24" h="24" zOrder="1">
          <caption>Icon</caption>
          <color>4288256409</color>
          <interactiveData>
            <entry title="">
              <area shape="0" alt="" ID="{5810FB32-C187-45D1-A369-54D8224A0D59}" coords="(0,0,60,60)"/>
              <events title="">
                <event eventType="atClick" isChecked="True">
                  <behaviour title="" isChecked="True" isWait="False" isLoop="False" execMode="emParallel">
                    <target targetID="0A10C650-D3E5-4C95-93DB-8630722009D0" isChecked="True" isAutoRecovery="False" isLoop="False" execMode="emParallel">
                      <command name="Change Visibility" isChecked="True" descrition="">
                        <param name="AniInterpolation" value="1" varType="3" description=""/>
                        <param name="AniDuration" value="200" varType="3" description=""/>
                        <param name="AniAutoReverse" value="False" varType="11" description=""/>
                        <param name="AniLoop" value="False" varType="11" description=""/>
                        <param name="AniInterpolationTypeOut" value="False" varType="11" description=""/>
                        <param name="Delay" value="0" varType="3" description=""/>
                        <param name="ValueFromCurrent" value="True" varType="11" description=""/>
                        <param name="ForceFromInitValue" value="False" varType="11" description=""/>
                        <param name="ForceSetVisible" value="False" varType="11" description=""/>
                        <param name="Value" value="1" varType="3" description=""/>
                        <param name="TerminateLoopByClick" value="True" varType="11" description=""/>
                      </command>
                      <command name="Move" isChecked="True" descrition="">
                        <param name="AniInterpolation" value="1" varType="3" description=""/>
                        <param name="AniDuration" value="200" varType="3" description=""/>
                        <param name="AniAutoReverse" value="False" varType="11" description=""/>
                        <param name="AniLoop" value="False" varType="11" description=""/>
                        <param name="AniInterpolationTypeOut" value="False" varType="11" description=""/>
                        <param name="Delay" value="0" varType="3" description=""/>
                        <param name="MoveMode" value="0" varType="3" description=""/>
                        <param name="ValueFromCurrent" value="True" varType="11" description=""/>
                        <param name="FromX" value="0" varType="3" description=""/>
                        <param name="FromY" value="0" varType="3" description=""/>
                        <param name="ToX" value="0" varType="3" description=""/>
                        <param name="ToY" value="0" varType="3" description=""/>
                        <param name="ByX" value="-200" varType="256" description=""/>
                        <param name="ByY" value="0" varType="3" description=""/>
                        <param name="TerminateLoopByClick" value="True" varType="11" description=""/>
                        <param name="MovePlaceVert" value="3" varType="3" description=""/>
                        <param name="MovePlaceHori" value="1" varType="3" description=""/>
                      </command>
                    </target>
                  </behaviour>
                </event>
              </events>
            </entry>
          </interactiveData>
          <icon>
            <ID/>
            <iconFontName>jdIonicons</iconFontName>
            <iconCode>62470</iconCode>
          </icon>
          <URL>AD5D5C6B9A9D967AD8052E59BDDD96E1.svg</URL>
        </control>
        <control controlID="E6181A92-88AD-45F7-8776-92C401B97654" controlTypeID="Line" x="1" y="406" w="210" h="1" zOrder="2">
          <caption>Line</caption>
          <color>4291611852</color>
          <font family="Arial" displayName="Arial" postScript="" weightStyle="Regular" weight="400" isBold="False" isItalic="False"/>
          <textSize>14</textSize>
          <lineSpacing>0</lineSpacing>
          <selectedIndex>-1</selectedIndex>
          <controlPoint>(105,0)</controlPoint>
          <startPoint>(0,0)</startPoint>
          <endPoint>(210,0)</endPoint>
        </control>
        <control controlID="D83F345E-E1DD-4C2C-904C-447FD57DC1C4" controlTypeID="Line" x="1" y="518" w="210" h="1" zOrder="3">
          <caption>Line</caption>
          <color>4291611852</color>
          <font family="Arial" displayName="Arial" postScript="" weightStyle="Regular" weight="400" isBold="False" isItalic="False"/>
          <textSize>14</textSize>
          <lineSpacing>0</lineSpacing>
          <selectedIndex>-1</selectedIndex>
          <controlPoint>(105,0)</controlPoint>
          <startPoint>(0,0)</startPoint>
          <endPoint>(210,0)</endPoint>
        </control>
        <control controlID="94D0CA04-B538-4C38-8ADB-A6164E760BA7" controlTypeID="Line" x="1" y="632" w="210" h="1" zOrder="4">
          <caption>Line</caption>
          <color>4291611852</color>
          <font family="Arial" displayName="Arial" postScript="" weightStyle="Regular" weight="400" isBold="False" isItalic="False"/>
          <textSize>14</textSize>
          <lineSpacing>0</lineSpacing>
          <selectedIndex>-1</selectedIndex>
          <controlPoint>(105,0)</controlPoint>
          <startPoint>(0,0)</startPoint>
          <endPoint>(210,0)</endPoint>
        </control>
        <control controlID="BFFFD534-82E4-4354-9DEF-97A4D2DB71A7" controlTypeID="Line" x="1" y="693" w="210" h="1" zOrder="5">
          <caption>Line</caption>
          <color>4291611852</color>
          <font family="Arial" displayName="Arial" postScript="" weightStyle="Regular" weight="400" isBold="False" isItalic="False"/>
          <textSize>14</textSize>
          <lineSpacing>0</lineSpacing>
          <selectedIndex>-1</selectedIndex>
          <controlPoint>(105,0)</controlPoint>
          <startPoint>(0,0)</startPoint>
          <endPoint>(210,0)</endPoint>
        </control>
        <control controlID="BA2894F5-0D1B-491F-8DBC-42B1E53A37EE" controlTypeID="Label" x="0" y="155" w="212" h="39" zOrder="6">
          <states>
            <state propName="Color" stateType="state_mouseOver" isChecked="True" value="4294111986" varType="20"/>
            <state propName="TextColor" stateType="state_mouseOver" isChecked="True" value="4278190080" varType="20"/>
          </states>
          <caption>Label</caption>
          <isAutoSize>False</isAutoSize>
          <links eventType="AtClick" animate="AmNone" animateAutoDelay="0" animateDuration="500">
            <link targetPageID="E499E3FA-DE1B-4950-8F03-29703759E657" linkType="ltPageLink" isApplyIncludePage="False" title="Home">
              <area shape="0" alt="" ID="{24412493-F7CA-4C14-85AB-CD46757E8F1A}" coords="(0,0,212,39)"/>
            </link>
          </links>
          <font family="Arial" displayName="Arial" postScript="" weightStyle="Regular" weight="400" isBold="False" isItalic="False"/>
          <text>++++++Home</text>
          <textColor>4284900966</textColor>
          <textVAlign>VaTop</textVAlign>
          <lineSpacing>0</lineSpacing>
          <selectedIndex>-1</selectedIndex>
        </control>
        <control controlID="1005E59B-2827-4C90-B746-E63F56A9F954" controlTypeID="Label" x="0" y="194" w="212" h="39" zOrder="7">
          <states>
            <state propName="Color" stateType="state_mouseOver" isChecked="True" value="4294111986" varType="20"/>
            <state propName="TextColor" stateType="state_mouseOver" isChecked="True" value="4278190080" varType="20"/>
          </states>
          <caption>Label</caption>
          <isAutoSize>False</isAutoSize>
          <font family="Arial" displayName="Arial" postScript="" weightStyle="Regular" weight="400" isBold="False" isItalic="False"/>
          <text>++++++Discover</text>
          <textColor>4284900966</textColor>
          <textVAlign>VaTop</textVAlign>
          <lineSpacing>0</lineSpacing>
          <selectedIndex>-1</selectedIndex>
        </control>
        <control controlID="D6B9F755-3A5D-4C24-B242-5180FC8C32EA" controlTypeID="Label" x="0" y="232" w="212" h="39" zOrder="8">
          <states>
            <state propName="Color" stateType="state_mouseOver" isChecked="True" value="4294111986" varType="20"/>
            <state propName="TextColor" stateType="state_mouseOver" isChecked="True" value="4278190080" varType="20"/>
          </states>
          <caption>Label</caption>
          <isAutoSize>False</isAutoSize>
          <font family="Arial" displayName="Arial" postScript="" weightStyle="Regular" weight="400" isBold="False" isItalic="False"/>
          <text>++++++Playlists</text>
          <textColor>4284900966</textColor>
          <textVAlign>VaTop</textVAlign>
          <lineSpacing>0</lineSpacing>
          <selectedIndex>-1</selectedIndex>
        </control>
        <control controlID="8F07587C-26A3-4E35-9F5F-3FA93934DF19" controlTypeID="Label" x="0" y="271" w="212" h="39" zOrder="9">
          <states>
            <state propName="Color" stateType="state_mouseOver" isChecked="True" value="4294111986" varType="20"/>
            <state propName="TextColor" stateType="state_mouseOver" isChecked="True" value="4278190080" varType="20"/>
          </states>
          <caption>Label</caption>
          <isAutoSize>False</isAutoSize>
          <font family="Arial" displayName="Arial" postScript="" weightStyle="Regular" weight="400" isBold="False" isItalic="False"/>
          <text>++++++How+It+Works</text>
          <textColor>4284900966</textColor>
          <textVAlign>VaTop</textVAlign>
          <lineSpacing>0</lineSpacing>
          <selectedIndex>-1</selectedIndex>
        </control>
        <control controlID="747DEB6B-86D5-4E09-8EBA-33451CD469AC" controlTypeID="Label" x="0" y="310" w="212" h="39" zOrder="10">
          <states>
            <state propName="Color" stateType="state_mouseOver" isChecked="True" value="4294111986" varType="20"/>
            <state propName="TextColor" stateType="state_mouseOver" isChecked="True" value="4278190080" varType="20"/>
          </states>
          <caption>Label</caption>
          <isAutoSize>False</isAutoSize>
          <font family="Arial" displayName="Arial" postScript="" weightStyle="Regular" weight="400" isBold="False" isItalic="False"/>
          <text>++++++FAQ</text>
          <textColor>4284900966</textColor>
          <textVAlign>VaTop</textVAlign>
          <lineSpacing>0</lineSpacing>
          <selectedIndex>-1</selectedIndex>
        </control>
        <control controlID="D8237739-9B61-4C31-9601-63A83B11C238" controlTypeID="Label" x="0" y="349" w="212" h="39" zOrder="11">
          <states>
            <state propName="Color" stateType="state_mouseOver" isChecked="True" value="4294111986" varType="20"/>
            <state propName="TextColor" stateType="state_mouseOver" isChecked="True" value="4278190080" varType="20"/>
          </states>
          <caption>Label</caption>
          <isAutoSize>False</isAutoSize>
          <font family="Arial" displayName="Arial" postScript="" weightStyle="Regular" weight="400" isBold="False" isItalic="False"/>
          <text>++++++Contact+Us</text>
          <textColor>4284900966</textColor>
          <textVAlign>VaTop</textVAlign>
          <lineSpacing>0</lineSpacing>
          <selectedIndex>-1</selectedIndex>
        </control>
        <control controlID="2A06871D-6B27-48A2-9A2D-64A373B7832A" controlTypeID="Label" x="0" y="424" w="212" h="39" zOrder="12">
          <states>
            <state propName="Color" stateType="state_mouseOver" isChecked="True" value="4294111986" varType="20"/>
            <state propName="TextColor" stateType="state_mouseOver" isChecked="True" value="4284900966" varType="20"/>
          </states>
          <caption>Label</caption>
          <isAutoSize>False</isAutoSize>
          <font family="Arial" displayName="Arial" postScript="" weightStyle="Regular" weight="400" isBold="False" isItalic="False"/>
          <text>++++++Sign+Up</text>
          <textColor>4288256409</textColor>
          <textVAlign>VaTop</textVAlign>
          <lineSpacing>0</lineSpacing>
          <selectedIndex>-1</selectedIndex>
        </control>
        <control controlID="07E417DA-6483-46A4-8603-A454AA4ACAFA" controlTypeID="Label" x="0" y="536" w="212" h="39" zOrder="13">
          <states>
            <state propName="Color" stateType="state_mouseOver" isChecked="True" value="4294111986" varType="20"/>
            <state propName="TextColor" stateType="state_mouseOver" isChecked="True" value="4284900966" varType="20"/>
          </states>
          <caption>Label</caption>
          <isAutoSize>False</isAutoSize>
          <font family="Arial" displayName="Arial" postScript="" weightStyle="Regular" weight="400" isBold="False" isItalic="False"/>
          <text>++++++Terms+of+Service</text>
          <textColor>4288256409</textColor>
          <textVAlign>VaTop</textVAlign>
          <lineSpacing>0</lineSpacing>
          <selectedIndex>-1</selectedIndex>
        </control>
        <control controlID="D70A612B-D24B-4BF3-83E1-C920609952EA" controlTypeID="Label" x="0" y="462" w="212" h="39" zOrder="14">
          <states>
            <state propName="Color" stateType="state_mouseOver" isChecked="True" value="4294111986" varType="20"/>
            <state propName="TextColor" stateType="state_mouseOver" isChecked="True" value="4284900966" varType="20"/>
          </states>
          <caption>Label</caption>
          <isAutoSize>False</isAutoSize>
          <font family="Arial" displayName="Arial" postScript="" weightStyle="Regular" weight="400" isBold="False" isItalic="False"/>
          <text>++++++Are+You+a+Music+Artist%3F</text>
          <textColor>4288256409</textColor>
          <textVAlign>VaTop</textVAlign>
          <lineSpacing>0</lineSpacing>
          <selectedIndex>-1</selectedIndex>
        </control>
        <control controlID="83308A09-A91A-4AEA-B7F9-F86FA7B38A4B" controlTypeID="Label" x="0" y="574" w="212" h="39" zOrder="15">
          <states>
            <state propName="Color" stateType="state_mouseOver" isChecked="True" value="4294111986" varType="20"/>
            <state propName="TextColor" stateType="state_mouseOver" isChecked="True" value="4284900966" varType="20"/>
          </states>
          <caption>Label</caption>
          <isAutoSize>False</isAutoSize>
          <font family="Arial" displayName="Arial" postScript="" weightStyle="Regular" weight="400" isBold="False" isItalic="False"/>
          <text>++++++Privacy+Policy</text>
          <textColor>4288256409</textColor>
          <textVAlign>VaTop</textVAlign>
          <lineSpacing>0</lineSpacing>
          <selectedIndex>-1</selectedIndex>
        </control>
        <control controlID="737F5D05-101C-4DFF-AD32-7C1B26AB483E" controlTypeID="Line" x="1" y="136" w="210" h="1" zOrder="16">
          <caption>Line</caption>
          <color>4291611852</color>
          <font family="Arial" displayName="Arial" postScript="" weightStyle="Regular" weight="400" isBold="False" isItalic="False"/>
          <textSize>14</textSize>
          <lineSpacing>0</lineSpacing>
          <selectedIndex>-1</selectedIndex>
          <controlPoint>(105,0)</controlPoint>
          <startPoint>(0,0)</startPoint>
          <endPoint>(210,0)</endPoint>
        </control>
        <control controlID="097CBCC2-714D-4495-AA83-7930F30D6701" controlTypeID="Label" x="25" y="654" w="70" h="17" zOrder="17">
          <caption>Label</caption>
          <font family="Arial" displayName="Arial" postScript="" weightStyle="Regular" weight="400" isBold="False" isItalic="False"/>
          <text>Follow+Us%3A</text>
          <textVAlign>VaTop</textVAlign>
          <lineSpacing>0</lineSpacing>
          <selectedIndex>-1</selectedIndex>
        </control>
        <control controlID="763087E8-A1DC-41C2-9F6D-5CD3ED524B07" controlTypeID="IconButton2" x="99" y="648" w="28" h="28" zOrder="18">
          <caption>Icon+Button</caption>
          <groupChildrenDescriptors>
            <control controlID="5166E7F5-ED6B-4DA6-B92D-ADC479BAA2F7" controlTypeID="Shape" x="0" y="0" w="28" h="28" zOrder="0">
              <caption>Shape</caption>
              <color>4284900966</color>
              <borderVisible>False</borderVisible>
              <canMove>False</canMove>
              <alias>shape</alias>
              <font family="Arial" displayName="Arial" postScript="" weightStyle="Regular" weight="400" isBold="False" isItalic="False"/>
              <textSize>14</textSize>
              <selectedIndex>-1</selectedIndex>
              <shapeBorderType>SbEllipse</shapeBorderType>
            </control>
            <control controlID="24081C6B-570E-41A3-A712-A8C61E52D4B2" controlTypeID="Icon" x="5" y="5" w="18" h="18" zOrder="1">
              <caption>Icon</caption>
              <color>4294967295</color>
              <canMove>False</canMove>
              <alias>icon</alias>
              <icon>
                <ID/>
                <iconFontName>jdIonicons</iconFontName>
                <iconCode>62001</iconCode>
              </icon>
              <URL>29F37D064345EFF092FDE43A909201C4.svg</URL>
            </control>
            <control controlID="86C374D3-E3E6-43F2-B6A2-5627346DBCE8" controlTypeID="Label" x="0" y="0" w="39" h="17" zOrder="2">
              <caption>Label</caption>
              <canMove>False</canMove>
              <alias>label</alias>
              <font family="Arial" displayName="Arial" postScript="" weightStyle="Regular" weight="400" isBold="False" isItalic="False"/>
              <text>Label</text>
              <textVAlign>VaTop</textVAlign>
              <lineSpacing>0</lineSpacing>
              <selectedIndex>-1</selectedIndex>
            </control>
            <control controlID="E0C94AC5-36F5-42D0-A40D-F050438F57A4" controlTypeID="Shape" x="15" y="0" w="13" h="12" zOrder="3">
              <caption>Shape</caption>
              <color>4294901760</color>
              <borderVisible>False</borderVisible>
              <canMove>False</canMove>
              <alias>alarm</alias>
              <font family="Arial" displayName="Arial" postScript="" weightStyle="Regular" weight="400" isBold="False" isItalic="False"/>
              <text>2</text>
              <textColor>4294967295</textColor>
              <textSize>7</textSize>
              <selectedIndex>-1</selectedIndex>
              <radius>100</radius>
              <radiusIsPercent>True</radiusIsPercent>
            </control>
          </groupChildrenDescriptors>
          <iconSize>18</iconSize>
        </control>
        <control controlID="2B625228-2B8D-47E1-A199-98ADB4334341" controlTypeID="IconButton2" x="135" y="648" w="28" h="28" zOrder="19">
          <caption>Icon+Button</caption>
          <groupChildrenDescriptors>
            <control controlID="34B77F44-BD85-4C12-BBF7-6FBAD179FE3C" controlTypeID="Shape" x="0" y="0" w="28" h="28" zOrder="0">
              <caption>Shape</caption>
              <color>4288256409</color>
              <borderVisible>False</borderVisible>
              <canMove>False</canMove>
              <alias>shape</alias>
              <font family="Arial" displayName="Arial" postScript="" weightStyle="Regular" weight="400" isBold="False" isItalic="False"/>
              <textSize>14</textSize>
              <selectedIndex>-1</selectedIndex>
              <shapeBorderType>SbEllipse</shapeBorderType>
            </control>
            <control controlID="16A5124D-14E1-494B-BFA0-FFB16B80BC0B" controlTypeID="Icon" x="5" y="5" w="18" h="18" zOrder="1">
              <caption>Icon</caption>
              <color>4294967295</color>
              <canMove>False</canMove>
              <alias>icon</alias>
              <icon>
                <ID/>
                <iconFontName>jdIonicons</iconFontName>
                <iconCode>62019</iconCode>
              </icon>
              <URL>6E397F998770B38A343BB5B849DF19E9.svg</URL>
            </control>
            <control controlID="21BC7C89-7542-44FE-902E-1BE703CA52B0" controlTypeID="Label" x="0" y="0" w="39" h="17" zOrder="2">
              <caption>Label</caption>
              <canMove>False</canMove>
              <alias>label</alias>
              <font family="Arial" displayName="Arial" postScript="" weightStyle="Regular" weight="400" isBold="False" isItalic="False"/>
              <text>Label</text>
              <textVAlign>VaTop</textVAlign>
              <lineSpacing>0</lineSpacing>
              <selectedIndex>-1</selectedIndex>
            </control>
            <control controlID="9DBF0F83-89DB-4479-B5F9-E9C6F41250AF" controlTypeID="Shape" x="15" y="0" w="13" h="12" zOrder="3">
              <caption>Shape</caption>
              <color>4294901760</color>
              <borderVisible>False</borderVisible>
              <canMove>False</canMove>
              <alias>alarm</alias>
              <font family="Arial" displayName="Arial" postScript="" weightStyle="Regular" weight="400" isBold="False" isItalic="False"/>
              <text>2</text>
              <textColor>4294967295</textColor>
              <textSize>7</textSize>
              <selectedIndex>-1</selectedIndex>
              <radius>100</radius>
              <radiusIsPercent>True</radiusIsPercent>
            </control>
          </groupChildrenDescriptors>
          <iconSize>18</iconSize>
        </control>
        <control controlID="08E31108-B698-457E-8F05-1250F998BE27" controlTypeID="TextArea" x="5" y="704" w="197" h="72" zOrder="20">
          <caption>Text+Area</caption>
          <borderColor>4282664004</borderColor>
          <font family="Arial" displayName="Arial" postScript="" weightStyle="Regular" weight="400" isBold="False" isItalic="False"/>
          <text>+SoStereo%2C+2016+%2F+All+rights+reserved+%0D%0A0.1.3</text>
          <textColor>4288256409</textColor>
          <textSize>12</textSize>
          <textAlign>HaCenter</textAlign>
          <useDefaultTextSize>False</useDefaultTextSize>
          <selectedIndex>-1</selectedIndex>
        </control>
        <control controlID="1609B541-6061-4767-B7BB-17DEC53BE565" controlTypeID="Border" x="0" y="0" w="498" h="1100" zOrder="21">
          <borderVisible>False</borderVisible>
          <alias>borderLayer</alias>
        </control>
      </groupChildrenDescriptors>
      <thinkness>1</thinkness>
    </control>
  </controls>
  <param>
    <backgroundColor>4294967295</backgroundColor>
    <fontFamily>Arial</fontFamily>
    <guideLines>
      <guideLine isLocked="False" isHori="True" value="800"/>
      <guideLine isLocked="False" isHori="True" value="98"/>
      <guideLine isLocked="False" isHori="True" value="1632"/>
      <guideLine isLocked="False" isHori="True" value="1856"/>
    </guideLines>
    <fontSize>14</fontSize>
  </param>
</mockup>