﻿<project version="2.9" name="停车运营平台" ID="0FD98F70-C78A-4F36-BCDF-6BA93ABC62EC">
  <params>
    <pageParam version="5.1" minAllowVersion="5.1"/>
    <projectParam version="2.9" minAllowVersion="2.9" platform="MtWeb" pageSize="(1366,768)" backgroundColor="4294967295" fontSize="14" fontFamily="Arial" projectType="ptTeamProject" isShowTitleIndex="False"/>
    <previewParam version="1.0"/>
    <colorParam version="1.0"/>
  </params>
  <pages>
    <page name="登录" ID="52FD9E01-03BB-4A58-AB9B-936E370EAA41" expanded="True" code="RphmHIhUfG" thumbCode="RphmHIhUfG" isLastOpen="True" status="psWhite" isfolder="False" isshownode="True" author="420362" createdate="2018-01-29 11:17:41" modifieddate="2018-01-30 21:19:59" isdeleted="False" ismodified="False" syncversion="5" lasteditor="420362">
      <images>
        <image key="42CF9E031360EBC09387427849BF6328.svg"/>
        <image key="2EDFE8F00FF04D4364438E8290169BC1.svg"/>
      </images>
    </page>
    <page name="规则配置" ID="33F7BD9A-679C-4C77-AC9A-02C13A0DE36A" expanded="True" status="psGreen" isfolder="True" isshownode="True" author="420362" createdate="2018-01-29 13:18:12" modifieddate="2018-01-30 20:57:38" isdeleted="False" ismodified="False" syncversion="3" lasteditor="420362">
      <page name="收费规则" ID="4F49D754-E222-4F1E-A1B2-879183DE228F" expanded="True" code="ToBfPmtPKt" thumbCode="ToBfPmtPKt" status="psWhite" isfolder="False" isshownode="True" author="420362" createdate="2018-01-29 13:17:51" modifieddate="2018-01-31 09:48:38" isdeleted="False" ismodified="False" syncversion="6" lasteditor="420362"/>
      <page name="节假日配置" ID="5313DD12-9FDF-4EBD-BA4C-623F7F76FD7D" expanded="True" code="VOkKG5Cc4e" thumbCode="" status="psWhite" isfolder="False" isshownode="True" author="420362" createdate="2018-01-29 13:20:10" modifieddate="2018-01-30 20:06:36" isdeleted="False" ismodified="False" syncversion="2" lasteditor="420362"/>
      <page name="规则明细页" ID="1053074A-AD43-4AEC-8B19-80FB3888B88D" expanded="True" code="6WN4PZQwn2" thumbCode="6WN4PZQwn2" status="psWhite" isfolder="False" isshownode="True" author="420362" createdate="2018-01-30 16:07:31" modifieddate="2018-01-31 10:06:43" isdeleted="False" ismodified="False" syncversion="6" lasteditor="420362"/>
      <page name="按时收费规则详情" ID="85050708-944A-4589-87A4-3C81DF902E75" expanded="True" code="5LQjrqF5tV" thumbCode="5LQjrqF5tV" status="psWhite" isfolder="False" isshownode="True" author="420362" createdate="2018-01-30 20:10:51" modifieddate="2018-01-31 10:01:23" isdeleted="False" ismodified="False" syncversion="6" lasteditor="420362"/>
      <page name="按次收费规则详情" ID="50E4020F-474E-4BC6-A7DC-A58B5F4FCBD2" expanded="False" code="jkc25jNTW2" thumbCode="jkc25jNTW2" status="psWhite" isfolder="False" isshownode="True" author="420362" createdate="2018-01-30 20:12:55" modifieddate="2018-01-30 20:53:07" isdeleted="False" ismodified="False" syncversion="3" lasteditor="420362"/>
      <page name="日夜时分计费" ID="5D206FE0-B8BE-400A-A6AB-9116853469CB" expanded="True" code="VkLzusQXxR" thumbCode="VkLzusQXxR" status="psWhite" isfolder="False" isshownode="True" author="420362" createdate="2018-01-30 20:15:22" modifieddate="2018-01-31 10:08:01" isdeleted="False" ismodified="False" syncversion="6" lasteditor="420362"/>
      <page name="免费" ID="16496297-5F20-4AAF-92C0-B22226FD9A29" expanded="False" code="2T6PqzYKXO" thumbCode="2T6PqzYKXO" status="psWhite" isfolder="False" isshownode="True" author="420362" createdate="2018-01-30 20:57:38" modifieddate="2018-01-30 20:57:56" isdeleted="False" ismodified="False" syncversion="3" lasteditor="420362"/>
    </page>
    <page name="基础数据" ID="7F93DFD0-B33F-4F88-9C90-A2241357BFA5" expanded="True" status="psGreen" isfolder="True" isshownode="True" author="420362" createdate="2018-01-29 13:19:02" modifieddate="2018-01-29 13:19:15" isdeleted="False" ismodified="False" syncversion="1" lasteditor="420362">
      <page name="停车场" ID="393E47B5-971E-4BFA-894C-9C02D6C7C72C" expanded="False" code="Mf2aeDvpWw" thumbCode="Be1OdUIeyt" status="psWhite" isfolder="False" isshownode="True" author="420362" createdate="2018-01-29 11:32:02" modifieddate="2018-01-30 20:06:36" isdeleted="False" ismodified="False" syncversion="2" lasteditor="420362"/>
    </page>
  </pages>
  <trash>
    <page name="SignUp" ID="0F3E57B6-E973-47F7-B259-A0C084280F7B" expanded="False" code="ViT1ZBDJ44" thumbCode="rVoLO312iz" isLastOpen="True" status="psWhite" isfolder="False" isshownode="True" author="420362" createdate="2018-01-29 11:17:41" modifieddate="2018-01-29 11:33:13" isdeleted="False" ismodified="True" syncversion="0" lasteditor="420362">
      <images>
        <image key="42CF9E031360EBC09387427849BF6328.svg"/>
        <image key="33F273D0CB31498B50681AF77979944C.svg"/>
        <image key="865FC7F149D2BAEC8F12314313F1531D.svg"/>
      </images>
    </page>
    <page name="Discover" ID="02D9D2B2-2263-41AE-8A07-865B34595784" expanded="True" code="9AYLc3xaKG" thumbCode="1Adv2aIQlY" isLastOpen="True" status="psWhite" isfolder="False" isshownode="True" author="420362" createdate="2018-01-29 11:17:41" modifieddate="2018-01-29 11:33:46" isdeleted="False" ismodified="True" syncversion="0" lasteditor="420362">
      <images>
        <image key="3333DA8E5F542C12BB919E4D883E59ED.png"/>
        <image key="4529DADA0AD1F8BF89E5709239A0C3BD.svg"/>
        <image key="274F8E6597A0B62726A97F81B99D884E.svg"/>
        <image key="AD5D5C6B9A9D967AD8052E59BDDD96E1.svg"/>
        <image key="47CB31C0EF769FA48F2B81C2C8C79C8E.png"/>
        <image key="01C687310F9F3CD70AEFE872B950F27F.svg"/>
        <image key="29F37D064345EFF092FDE43A909201C4.svg"/>
        <image key="6E397F998770B38A343BB5B849DF19E9.svg"/>
        <image key="D9CE39CAA2C488188BF922BD18FCD68B.svg"/>
      </images>
    </page>
    <page name="FAQ" ID="01DB419B-D256-4BE4-B502-B05C37C7C759" expanded="True" code="HtKqIDFfvQ" thumbCode="soxiVGe7Wi" isLastOpen="True" status="psWhite" isfolder="False" isshownode="True" author="420362" createdate="2018-01-29 11:17:41" modifieddate="2018-01-29 11:33:53" isdeleted="False" ismodified="True" syncversion="0" lasteditor="420362">
      <images>
        <image key="3333DA8E5F542C12BB919E4D883E59ED.png"/>
        <image key="AD5D5C6B9A9D967AD8052E59BDDD96E1.svg"/>
        <image key="47CB31C0EF769FA48F2B81C2C8C79C8E.png"/>
        <image key="29F37D064345EFF092FDE43A909201C4.svg"/>
        <image key="6E397F998770B38A343BB5B849DF19E9.svg"/>
        <image key="D9CE39CAA2C488188BF922BD18FCD68B.svg"/>
      </images>
    </page>
    <page name="页面" ID="5F718FD0-0F9F-4D66-9640-13EF41358E5A" expanded="True" code="mRxxEIFCYL" thumbCode="" isLastOpen="True" status="psWhite" isfolder="False" isshownode="True" author="420362" createdate="2018-01-29 13:23:36" modifieddate="2018-01-29 13:23:44" isdeleted="False" ismodified="True" syncversion="0" lasteditor="420362"/>
    <page name="页面1" ID="F46F5B1D-56A1-4993-943F-68EA572BCD65" expanded="True" code="gN54nmefwY" thumbCode="" isLastOpen="True" status="psWhite" isfolder="False" isshownode="True" author="420362" createdate="2018-01-29 13:23:38" modifieddate="2018-01-29 13:23:48" isdeleted="False" ismodified="True" syncversion="0" lasteditor="420362"/>
    <page name="How It Works" ID="3D460FBB-1DE4-4D8E-966D-06F85DE506EB" expanded="False" code="v2mFmhaGl3" thumbCode="cRmP6SlVO9" isLastOpen="True" status="psWhite" isfolder="False" isshownode="True" author="420362" createdate="2018-01-29 11:17:41" modifieddate="2018-01-30 14:06:23" isdeleted="False" ismodified="True" syncversion="1" lasteditor="420362">
      <images>
        <image key="C175F53BA64CFF1D822D90824C3BB1B5.svg"/>
        <image key="01C687310F9F3CD70AEFE872B950F27F.svg"/>
        <image key="6E397F998770B38A343BB5B849DF19E9.svg"/>
        <image key="381A7C2B2687F42ADB6DA4314DB7EED3.svg"/>
        <image key="948053AFB897543CC704EBC83610C34C.svg"/>
        <image key="C1233D858DA63E73DF2DA2BC855A7A3C.svg"/>
        <image key="3333DA8E5F542C12BB919E4D883E59ED.png"/>
        <image key="5869027958DF200D5EBF56C2BDF898FE.svg"/>
        <image key="4529DADA0AD1F8BF89E5709239A0C3BD.svg"/>
        <image key="3D2B15DCC883ECC21B263D3EB3A8D28F.svg"/>
        <image key="1B6C92387B16C588D8E9F741A0AF804F.svg"/>
        <image key="AD5D5C6B9A9D967AD8052E59BDDD96E1.svg"/>
        <image key="DF76B2C395A516FA22684952BA440C21.svg"/>
        <image key="9DDACFA1CF56DBAEDCDB44BD9EE77A8A.svg"/>
        <image key="29F37D064345EFF092FDE43A909201C4.svg"/>
        <image key="06367B6C3188786DED2BADC6C7AAF8F4.svg"/>
        <image key="6A720129B9946C54BB44576EFE2EDA68.svg"/>
        <image key="D9CE39CAA2C488188BF922BD18FCD68B.svg"/>
        <image key="47CB31C0EF769FA48F2B81C2C8C79C8E.png"/>
      </images>
    </page>
    <page name="Privacy Policy" ID="B48598CB-B4FC-4B6F-8299-E42E80FB4864" expanded="False" code="qCxhlrrrMw" thumbCode="dctxUypTcY" isLastOpen="True" status="psWhite" isfolder="False" isshownode="True" author="420362" createdate="2018-01-29 11:17:41" modifieddate="2018-01-30 14:06:33" isdeleted="False" ismodified="True" syncversion="1" lasteditor="420362">
      <images>
        <image key="3333DA8E5F542C12BB919E4D883E59ED.png"/>
        <image key="AD5D5C6B9A9D967AD8052E59BDDD96E1.svg"/>
        <image key="47CB31C0EF769FA48F2B81C2C8C79C8E.png"/>
        <image key="29F37D064345EFF092FDE43A909201C4.svg"/>
        <image key="6E397F998770B38A343BB5B849DF19E9.svg"/>
        <image key="D9CE39CAA2C488188BF922BD18FCD68B.svg"/>
      </images>
    </page>
    <page name="Electronic Dance Music" ID="E81B649F-C136-44CF-BA2E-58FCB07EFBA5" expanded="True" code="Nx2mfyQeaR" thumbCode="b57Fxwvah1" isLastOpen="True" status="psWhite" isfolder="False" isshownode="True" author="420362" createdate="2018-01-29 11:17:41" modifieddate="2018-01-30 14:08:46" isdeleted="False" ismodified="True" syncversion="1" lasteditor="420362">
      <images>
        <image key="3333DA8E5F542C12BB919E4D883E59ED.png"/>
        <image key="E947C879EC890A4D8A01AA1BC7455199.svg"/>
        <image key="2D780716D3D89B2EFB0155599BA0A89F.svg"/>
        <image key="C0B1B100D13FB6A01DC426B3BFE308AD.svg"/>
        <image key="AD5D5C6B9A9D967AD8052E59BDDD96E1.svg"/>
        <image key="9DDACFA1CF56DBAEDCDB44BD9EE77A8A.svg"/>
        <image key="47CB31C0EF769FA48F2B81C2C8C79C8E.png"/>
        <image key="29F37D064345EFF092FDE43A909201C4.svg"/>
        <image key="06367B6C3188786DED2BADC6C7AAF8F4.svg"/>
        <image key="D9CE39CAA2C488188BF922BD18FCD68B.svg"/>
        <image key="643399502F4A768B9C36424C2FD37F95.svg"/>
        <image key="6E397F998770B38A343BB5B849DF19E9.svg"/>
      </images>
    </page>
    <page name="Terms Of Service" ID="D9EBF942-08FE-4612-9194-C5241120C993" expanded="True" code="vLBoGPEPJd" thumbCode="4Y3o8qjQS6" isLastOpen="True" status="psWhite" isfolder="False" isshownode="True" author="420362" createdate="2018-01-29 11:17:41" modifieddate="2018-01-30 14:10:03" isdeleted="False" ismodified="True" syncversion="1" lasteditor="420362">
      <images>
        <image key="3333DA8E5F542C12BB919E4D883E59ED.png"/>
        <image key="AD5D5C6B9A9D967AD8052E59BDDD96E1.svg"/>
        <image key="47CB31C0EF769FA48F2B81C2C8C79C8E.png"/>
        <image key="29F37D064345EFF092FDE43A909201C4.svg"/>
        <image key="6E397F998770B38A343BB5B849DF19E9.svg"/>
        <image key="D9CE39CAA2C488188BF922BD18FCD68B.svg"/>
      </images>
    </page>
    <page name="Submit Music" ID="7F09B7D8-3FEC-4B01-B1CB-D0310F340EEC" expanded="True" code="GQVxjMeTB9" thumbCode="aNZCdSm3jm" isLastOpen="True" status="psWhite" isfolder="False" isshownode="True" author="420362" createdate="2018-01-29 11:17:41" modifieddate="2018-01-30 21:19:21" isdeleted="False" ismodified="True" syncversion="4" lasteditor="420362">
      <images>
        <image key="47CB31C0EF769FA48F2B81C2C8C79C8E.png"/>
        <image key="29F37D064345EFF092FDE43A909201C4.svg"/>
        <image key="6E397F998770B38A343BB5B849DF19E9.svg"/>
        <image key="D9CE39CAA2C488188BF922BD18FCD68B.svg"/>
      </images>
    </page>
    <page name="Find Music" ID="E743F837-3F8F-4C12-9E34-937E83EA109A" expanded="False" code="oN8hNoseb6" thumbCode="oVtrxU1Qhl" status="psWhite" isfolder="False" isshownode="True" author="420362" createdate="2018-01-29 11:17:41" modifieddate="2018-01-30 21:19:21" isdeleted="False" ismodified="True" syncversion="2" lasteditor="420362">
      <images>
        <image key="3333DA8E5F542C12BB919E4D883E59ED.png"/>
        <image key="AD5D5C6B9A9D967AD8052E59BDDD96E1.svg"/>
        <image key="47CB31C0EF769FA48F2B81C2C8C79C8E.png"/>
        <image key="29F37D064345EFF092FDE43A909201C4.svg"/>
        <image key="6E397F998770B38A343BB5B849DF19E9.svg"/>
        <image key="D9CE39CAA2C488188BF922BD18FCD68B.svg"/>
      </images>
    </page>
    <page name="Multicultural Music" ID="3829284F-4AE5-4F68-A2CF-C25FEC48553E" expanded="False" code="1zA26Vv9UA" thumbCode="D55ZjVVWau" status="psWhite" isfolder="False" isshownode="True" author="420362" createdate="2018-01-29 11:17:41" modifieddate="2018-01-30 21:19:21" isdeleted="False" ismodified="True" syncversion="2" lasteditor="420362">
      <images>
        <image key="3333DA8E5F542C12BB919E4D883E59ED.png"/>
        <image key="E947C879EC890A4D8A01AA1BC7455199.svg"/>
        <image key="D9CE39CAA2C488188BF922BD18FCD68B.svg"/>
        <image key="C0B1B100D13FB6A01DC426B3BFE308AD.svg"/>
        <image key="AD5D5C6B9A9D967AD8052E59BDDD96E1.svg"/>
        <image key="9DDACFA1CF56DBAEDCDB44BD9EE77A8A.svg"/>
        <image key="47CB31C0EF769FA48F2B81C2C8C79C8E.png"/>
        <image key="29F37D064345EFF092FDE43A909201C4.svg"/>
        <image key="06367B6C3188786DED2BADC6C7AAF8F4.svg"/>
        <image key="643399502F4A768B9C36424C2FD37F95.svg"/>
        <image key="6E397F998770B38A343BB5B849DF19E9.svg"/>
        <image key="2D780716D3D89B2EFB0155599BA0A89F.svg"/>
      </images>
    </page>
    <page name="首页" ID="E499E3FA-DE1B-4950-8F03-29703759E657" expanded="True" code="3ToApKbOat" thumbCode="eXcyZGPOml" isLastOpen="True" status="psWhite" isfolder="False" isshownode="True" author="420362" createdate="2018-01-29 11:17:41" modifieddate="2018-01-31 10:10:51" isdeleted="False" ismodified="True" syncversion="4" lasteditor="420362">
      <images>
        <image key="E81ED979293FF1C7F35153E7BDA571B8.svg"/>
      </images>
    </page>
  </trash>
  <deletes>
    <pages>
      <page name="首页" ID="E499E3FA-DE1B-4950-8F03-29703759E657" isfolder="False" isdeleted="True" ismodified="True" author="420362" syncversion="4" lasteditor="420362" createdate="2018-01-29 11:17:41" modifieddate="2018-01-30 21:07:59"/>
    </pages>
    <masters/>
  </deletes>
  <masters/>
  <images>
    <image key="C0B1B100D13FB6A01DC426B3BFE308AD.svg"/>
    <image key="2EDFE8F00FF04D4364438E8290169BC1.svg"/>
    <image key="948053AFB897543CC704EBC83610C34C.svg"/>
    <image key="42CF9E031360EBC09387427849BF6328.svg"/>
    <image key="4529DADA0AD1F8BF89E5709239A0C3BD.svg"/>
    <image key="33F273D0CB31498B50681AF77979944C.svg"/>
    <image key="3D2B15DCC883ECC21B263D3EB3A8D28F.svg"/>
    <image key="DF76B2C395A516FA22684952BA440C21.svg"/>
    <image key="9DDACFA1CF56DBAEDCDB44BD9EE77A8A.svg"/>
    <image key="29F37D064345EFF092FDE43A909201C4.svg"/>
    <image key="47CB31C0EF769FA48F2B81C2C8C79C8E.png"/>
    <image key="6A720129B9946C54BB44576EFE2EDA68.svg"/>
    <image key="D9CE39CAA2C488188BF922BD18FCD68B.svg"/>
    <image key="E947C879EC890A4D8A01AA1BC7455199.svg"/>
    <image key="865FC7F149D2BAEC8F12314313F1531D.svg"/>
    <image key="274F8E6597A0B62726A97F81B99D884E.svg"/>
    <image key="E81ED979293FF1C7F35153E7BDA571B8.svg"/>
    <image key="01C687310F9F3CD70AEFE872B950F27F.svg"/>
    <image key="C175F53BA64CFF1D822D90824C3BB1B5.svg"/>
    <image key="6E397F998770B38A343BB5B849DF19E9.svg"/>
    <image key="5869027958DF200D5EBF56C2BDF898FE.svg"/>
    <image key="381A7C2B2687F42ADB6DA4314DB7EED3.svg"/>
    <image key="C1233D858DA63E73DF2DA2BC855A7A3C.svg"/>
    <image key="3333DA8E5F542C12BB919E4D883E59ED.png"/>
    <image key="2D780716D3D89B2EFB0155599BA0A89F.svg"/>
    <image key="1B6C92387B16C588D8E9F741A0AF804F.svg"/>
    <image key="AD5D5C6B9A9D967AD8052E59BDDD96E1.svg"/>
    <image key="06367B6C3188786DED2BADC6C7AAF8F4.svg"/>
    <image key="643399502F4A768B9C36424C2FD37F95.svg"/>
  </images>
  <enterprise syncid="DQtUORo8cpoHej" author="420362" syncversion="6" ismodified="True" createtime="2018-01-29 11:17:41" istitlemodified="False"/>
</project>